,,26/02/2020,27/02/2020,28/02/2020,29/02/2020,01/03/2020,02/03/2020,03/03/2020,04/03/2020,05/03/2020,06/03/2020,07/03/2020,08/03/2020,09/03/2020,10/03/2020,11/03/2020,12/03/2020,13/03/2020,14/03/2020,15/03/2020,16/03/2020,17/03/2020,18/03/2020,19/03/2020,20/03/2020,21/03/2020,22/03/2020,23/03/2020,24/03/2020,25/03/2020,26/03/2020,27/03/2020,28/03/2020,29/03/2020,30/03/2020,31/03/2020,01/04/2020,02/04/2020,03/04/2020,04/04/2020,05/04/2020,06/04/2020,07/04/2020,08/04/2020,09/04/2020,10/04/2020,11/04/2020,12/04/2020,13/04/2020,14/04/2020,15/04/2020,16/04/2020,17/04/2020,18/04/2020,19/04/2020,20/04/2020,21/04/2020,22/04/2020,23/04/2020,24/04/2020,25/04/2020,26/04/2020,27/04/2020,28/04/2020,29/04/2020,30/04/2020,01/05/2020,02/05/2020,03/05/2020,04/05/2020,05/05/2020,06/05/2020,07/05/2020,08/05/2020,09/05/2020,10/05/2020,11/05/2020,12/05/2020,13/05/2020,14/05/2020,15/05/2020,16/05/2020,17/05/2020,18/05/2020,19/05/2020,20/05/2020,21/05/2020,22/05/2020,23/05/2020,24/05/2020,25/05/2020,26/05/2020,27/05/2020,28/05/2020,29/05/2020,30/05/2020,31/05/2020,01/06/2020,02/06/2020,03/06/2020,04/06/2020,05/06/2020,06/06/2020,07/06/2020,08/06/2020,09/06/2020,10/06/2020,11/06/2020,12/06/2020,13/06/2020,14/06/2020,15/06/2020,16/06/2020,17/06/2020,18/06/2020,19/06/2020,20/06/2020,21/06/2020,22/06/2020,23/06/2020,24/06/2020,25/06/2020,26/06/2020,27/06/2020,28/06/2020,29/06/2020,30/06/2020,01/07/2020,02/07/2020,03/07/2020,04/07/2020,05/07/2020,06/07/2020,07/07/2020,08/07/2020,09/07/2020,10/07/2020,11/07/2020,12/07/2020,13/07/2020,14/07/2020,15/07/2020,16/07/2020,17/07/2020,18/07/2020,19/07/2020,20/07/2020,21/07/2020,22/07/2020,23/07/2020,24/07/2020,25/07/2020,26/07/2020,27/07/2020,28/07/2020,29/07/2020,30/07/2020,31/07/2020,01/08/2020,02/08/2020,03/08/2020,04/08/2020,05/08/2020,06/08/2020,07/08/2020,08/08/2020,09/08/2020,10/08/2020,11/08/2020,12/08/2020,13/08/2020,14/08/2020,15/08/2020,16/08/2020,17/08/2020,18/08/2020,19/08/2020,20/08/2020,21/08/2020,22/08/2020,23/08/2020,24/08/2020,25/08/2020,26/08/2020,27/08/2020,28/08/2020,29/08/2020,30/08/2020,31/08/2020,01/09/2020,02/09/2020,03/09/2020,04/09/2020,05/09/2020,06/09/2020,07/09/2020,08/09/2020,09/09/2020,10/09/2020,11/09/2020,12/09/2020,13/09/2020,14/09/2020,15/09/2020,16/09/2020,17/09/2020,18/09/2020,19/09/2020,20/09/2020,21/09/2020,22/09/2020,23/09/2020,24/09/2020,25/09/2020,26/09/2020,27/09/2020,28/09/2020,29/09/2020,30/09/2020,01/10/2020,02/10/2020,03/10/2020,04/10/2020,05/10/2020,06/10/2020,07/10/2020,08/10/2020,09/10/2020,10/10/2020,11/10/2020,12/10/2020,13/10/2020,14/10/2020,15/10/2020,16/10/2020,17/10/2020,18/10/2020,19/10/2020,20/10/2020,21/10/2020,22/10/2020,23/10/2020,24/10/2020,25/10/2020,26/10/2020,27/10/2020,28/10/2020,29/10/2020,30/10/2020,31/10/2020,01/11/2020,02/11/2020,03/11/2020,04/11/2020,05/11/2020,06/11/2020,07/11/2020,08/11/2020,09/11/2020,10/11/2020,11/11/2020,12/11/2020,13/11/2020,14/11/2020,15/11/2020,16/11/2020,17/11/2020,18/11/2020,19/11/2020,20/11/2020,21/11/2020,22/11/2020,23/11/2020,24/11/2020,25/11/2020,26/11/2020,27/11/2020,28/11/2020,29/11/2020,30/11/2020,01/12/2020,02/12/2020,03/12/2020,04/12/2020,05/12/2020,06/12/2020,07/12/2020,08/12/2020,09/12/2020,10/12/2020,11/12/2020,12/12/2020,13/12/2020,14/12/2020,15/12/2020,16/12/2020,17/12/2020,18/12/2020,19/12/2020,20/12/2020,21/12/2020,22/12/2020,23/12/2020,24/12/2020,25/12/2020,26/12/2020,27/12/2020,28/12/2020,29/12/2020,30/12/2020,31/12/2020,01/01/2021,02/01/2021,03/01/2021,04/01/2021,05/01/2021,06/01/2021,07/01/2021,08/01/2021,09/01/2021,10/01/2021,11/01/2021,12/01/2021,13/01/2021,14/01/2021,15/01/2021,16/01/2021,17/01/2021,18/01/2021,19/01/2021,20/01/2021,21/01/2021,22/01/2021,23/01/2021,24/01/2021,25/01/2021,26/01/2021,27/01/2021,28/01/2021,29/01/2021,30/01/2021,31/01/2021,01/02/2021,02/02/2021,03/02/2021,04/02/2021,05/02/2021,06/02/2021,07/02/2021,08/02/2021,09/02/2021,10/02/2021,11/02/2021
Brasil,BR,1,1,1,2,2,2,2,3,7,13,19,25,30,34,52,77,98,121,200,234,291,428,621,904,1128,1546,1891,2201,2433,2915,3417,3904,4256,4579,5717,6836,7910,9056,10278,11130,12056,13717,15927,17857,19638,20727,22169,23430,25262,28320,30425,33682,36599,38654,40581,43079,45757,49492,52995,58509,61888,66501,71886,78162,85380,91299,96559,101147,107780,114715,125218,135106,145328,155939,162699,168331,177589,188974,202918,218223,233142,241080,254220,271628,291579,310087,330890,347398,363211,374898,391222,411821,438238,465166,498440,514849,526447,555383,584016,614941,645771,672846,691758,707412,739503,772416,802828,828810,850514,867624,888271,923189,955377,978142,1032913,1067579,1085038,1106470,1145906,1188631,1228114,1274974,1313667,1344143,1368195,1402041,1448753,1496858,1539081,1577004,1603055,1623284,1668589,1713160,1755779,1800827,1839850,1864681,1884967,1926824,1966748,2012151,2046328,2074860,2098389,2118646,2159654,2227514,2287475,2343366,2394513,2419091,2442375,2483191,2552265,2610102,2662485,2707877,2733677,2750318,2801921,2859073,2912212,2962442,3012412,3035422,3057470,3109630,3164785,3224876,3275520,3317096,3340197,3359570,3407354,3456652,3501975,3532330,3582362,3605783,3622861,3669995,3717156,3761391,3804803,3846153,3862311,3908272,3950931,3997865,4041638,4091801,4123000,4137521,4147794,4162073,4197889,4238446,4282164,4315687,4330455,4345610,4382263,4419083,4455386,4495183,4528240,4544629,4558068,4591604,4624885,4657702,4689613,4717991,4732309,4745464,4777522,4810935,4847092,4880523,4906833,4915289,4927235,4969141,5000694,5028444,5055888,5082637,5094979,5103408,5113628,5140863,5169386,5200300,5224362,5235344,5250727,5273954,5298772,5323630,5353656,5380635,5394128,5409854,5439641,5468270,5494376,5516658,5535605,5545705,5554206,5566049,5590025,5612319,5631181,5653561,5664115,5675032,5699005,5748375,5781582,5810652,5848959,5863093,5876464,5911758,5945849,5981767,6020164,6052786,6071401,6087608,6118708,6166606,6204220,6238350,6290272,6314740,6335878,6386787,6436650,6487084,6533968,6577177,6603540,6623911,6674999,6728452,6781799,6836227,6880127,6901952,6927145,6970034,7040608,7110434,7162978,7213155,7238600,7263619,7318821,7365517,7423945,7448560,7465806,7484285,7504833,7563551,7619200,7675973,7700578,7716405,7733746,7753752,7810400,7873830,7961673,8013708,8075998,8105790,8131612,8195637,8256536,8324294,8393492,8455059,8488099,8511770,8573864,8638249,8697368,8753920,8816254,8844577,8871393,8933356,8996876,9058687,9118513,9176975,9204731,9229322,9283418,9339420,9396293,9447165,9497795,9524640,9548079,9599565,9659167,9713909
Acre,AC,0,0,0,0,0,0,0,0,0,0,0,0,0,0,0,0,0,0,0,0,0,0,3,7,9,11,11,17,23,24,25,25,34,42,42,43,43,46,46,48,50,50,54,62,70,72,77,90,99,101,110,135,142,163,176,195,214,227,234,258,279,279,311,354,404,486,553,657,733,817,943,1014,1177,1335,1447,1460,1590,1694,1740,1785,1867,1997,2234,2482,2817,3103,3343,3867,4160,4501,4781,5251,5600,5841,6072,6219,6326,6465,6679,7021,7284,7525,7983,8128,8457,8746,9091,9295,9534,9642,9771,10003,10339,10664,10987,11263,11381,11539,11810,12022,12304,12644,12913,13058,13146,13253,13715,14048,14112,14487,14622,14688,14941,15167,15465,15768,16080,16190,16260,16479,16672,16865,16965,17202,17295,17462,17700,17979,18157,18393,18657,18745,18783,19132,19366,19573,19625,19930,19966,20339,20708,21033,21263,21376,21498,21587,21619,21757,21993,22242,22435,22516,22548,22605,22933,23146,23322,23337,23665,23719,23729,23936,24119,24269,24462,24601,24638,24647,24840,25027,25135,25249,25408,25443,25469,25494,25668,25877,26004,26148,26166,26176,26287,26463,26716,26942,27061,27079,27106,27246,27397,27556,27710,27859,27874,27885,28030,28222,28409,28555,28662,28672,28687,28805,28818,28834,29017,29031,29050,29063,29272,29301,29406,29598,29693,29718,29765,29865,29925,30028,30121,30217,30304,30317,30380,30545,30638,30758,30796,30951,30954,30962,31218,31248,31326,31575,31707,31788,31926,32113,32515,32661,32991,33156,33295,33475,33725,33976,34246,34435,34626,34849,35053,35188,35304,35756,35920,36080,36259,36563,36746,36899,37152,37277,37321,37428,37556,37672,37902,38150,38363,38412,38628,38712,38938,39166,39341,39869,39996,40249,40314,40399,40638,40723,40736,40900,41010,41232,41355,41620,41689,41941,42046,42117,42170,42378,42478,42814,42908,43127,43346,43432,43785,44068,44156,44621,44767,44775,45208,45429,45729,45987,46239,46429,46539,46774,47119,47461,47936,48347,48467,48820,49049,49547,49944,50122,50454,50546,50694,51269,51679,52172
Amapá,AP,0,0,0,0,0,0,0,0,0,0,0,0,0,0,0,0,0,0,0,0,0,0,0,1,1,1,1,1,1,2,2,4,4,8,10,11,11,19,28,29,34,48,107,128,166,193,230,242,307,334,362,370,393,416,433,457,479,548,633,685,798,842,918,1016,1080,1121,1187,1482,1733,1931,2046,2199,2322,2493,2613,2671,2910,3005,3428,3630,3834,3952,4023,4310,4549,5188,5655,6091,6353,6584,6967,7619,8152,8469,9313,9602,9890,10511,11107,11551,12327,12773,13045,13294,13771,14623,15166,15683,16322,16512,16813,18024,18618,19387,19922,21574,21840,24682,26437,26919,27415,27662,27901,27985,28253,28492,28927,29153,29574,29809,29883,30004,30294,30524,30763,31080,31279,31364,31552,31885,32408,33004,33436,33585,33705,34145,34405,34660,34838,35026,35162,35220,35364,35697,35973,36272,36468,36595,36639,36804,36999,37318,37735,37964,38139,38208,38399,38636,38801,39015,39244,39431,39518,39703,39957,40211,40603,40875,41031,41120,41254,41553,41981,42285,42625,42771,42892,43193,43514,43800,44064,44454,44682,44770,44863,44999,45251,45529,45665,45789,45853,45955,46117,46266,46372,46601,46738,46863,46946,47135,47364,47516,47657,47745,47795,47935,48054,48254,48385,48529,48602,48628,48701,48814,48963,49085,49215,49303,49386,49424,49593,49745,49890,50072,50150,50191,50263,50382,50594,50822,50968,51074,51127,51192,51427,51523,51875,52030,52175,52500,52653,52832,52832,52832,52832,52832,53010,53330,53574,53790,54056,54417,54838,54979,55156,55382,55652,55885,56085,56236,56548,56922,57343,57698,58043,58300,58835,58956,59131,59423,59850,60391,60751,61053,61177,61393,61607,61925,62221,62764,63042,63313,63601,63601,64303,64549,64549,65109,65215,65422,65712,65938,66132,66221,66293,66724,67149,67405,67702,68201,68361,68441,68568,68775,69096,69469,69874,70344,70676,70902,71287,71689,72049,72422,72824,73213,73417,73626,74045,74310,74535,74874,75054,75249,75400,75641,75940,76311,76688,76884,77041,77404,77729,77989,78213,78423,78646,78799,78990,79274,79504,79835
Amazonas,AM,0,0,0,0,0,0,0,0,0,0,0,0,0,0,0,0,0,0,1,1,1,1,3,3,11,26,32,47,54,67,81,111,140,151,175,200,229,260,311,417,532,636,804,899,981,1050,1206,1275,1484,1554,1719,1809,1897,2044,2160,2270,2479,2888,3194,3635,3833,3928,4337,4801,5254,5723,6062,6683,7242,8109,9243,10099,10727,11925,12599,12919,14168,15816,17181,18392,19677,20328,20913,22132,23704,25367,27038,28802,29867,30282,31949,33508,36146,38909,40560,41378,41774,43195,44347,46473,47666,48785,49269,49811,51234,52849,53989,55111,56026,56506,56777,58018,59547,60736,61683,62902,63410,63731,65073,66764,67267,68220,69022,69649,69893,70823,72284,73530,74537,75945,76014,76424,79167,80082,81318,82507,83230,83526,84412,85641,86944,88025,88822,90534,90913,91389,92164,92721,94219,95424,96094,96463,97079,98118,99093,100140,100940,101777,102124,102386,103269,104250,105054,105857,106428,106950,107197,108105,108920,109802,110777,111241,111912,112263,112881,113592,114335,114792,115369,115615,115792,116579,117412,118083,118844,119859,120060,120296,120919,121793,122520,123187,123726,123811,123905,124223,124959,125660,126423,126939,127132,127407,128150,128851,129501,130359,131573,131757,131920,132687,133413,134289,135205,136169,136416,136708,137964,139326,140240,141199,142137,142382,142573,143571,144492,145367,146233,147038,147457,147465,147864,148518,149366,149784,151186,151597,151858,152796,154465,155230,156196,156975,157324,157668,158718,159583,160596,161434,161683,161974,162139,162560,163399,164070,164070,165394,165664,165969,166771,167486,167486,168596,169165,169333,169552,170458,171161,172118,172858,173346,173477,173780,174579,175298,176214,177142,177800,177991,178200,179265,179963,180842,181631,182337,182668,182875,183830,184268,185089,185932,186274,186828,187279,187930,188918,189812,190968,191674,191976,192327,193544,194406,195405,195806,196007,196436,196754,198201,199570,201013,201574,201867,202413,202972,204900,207092,208798,208798,212996,213961,216112,218070,219544,223360,226511,229367,230644,232434,233971,238980,241182,245157,248561,249713,250935,254460,257606,259458,261574,265994,267394,268717,271177,273862,276551,278789,281754,282739,283658,285100,287844,290049
Pará,PA,0,0,0,0,0,0,0,0,0,0,0,0,0,0,0,0,0,0,0,0,0,0,1,2,2,4,5,5,7,13,13,17,18,21,32,40,46,50,80,86,102,138,167,168,170,217,246,270,323,384,438,557,640,685,902,1026,1195,1267,1446,1579,1867,2128,2262,2422,2876,3176,3460,3863,4125,4472,5017,5524,6141,6775,7256,7563,8616,9618,10867,12109,13184,13864,14734,16295,18135,19756,21469,22697,24125,26077,28600,31033,33699,36486,37296,37961,38046,41207,44774,48049,50960,53176,54271,56032,59148,62095,64126,66328,68510,69179,69224,71243,74192,76623,80072,82881,84654,86020,88636,91708,94036,96472,99313,100443,101207,103206,105853,108067,110411,112531,113811,114535,116152,118744,120731,122674,124934,125714,126509,128570,130834,133039,135164,136947,137484,138396,140388,142358,144467,146252,147923,148463,148823,150185,151849,153350,154685,156053,156285,156505,158277,160695,162822,164759,167099,167642,168151,169613,171878,173625,175608,177010,177969,178375,180090,182231,184253,186646,188644,189289,189582,191609,193564,195297,196874,198246,199171,199556,200985,202436,203969,205291,206864,207638,208259,208560,209808,211061,212428,213655,214376,214806,216318,217500,218458,219220,220205,220519,220775,221639,223021,224302,225542,226826,227756,228068,229175,230449,231743,232803,233802,234033,234129,234884,235948,236830,237478,237925,237938,237958,237996,238835,239519,240223,240966,241242,241262,242129,243118,244229,245278,246605,247388,248024,249235,250336,251292,252389,252919,253080,253229,253449,254384,255369,256139,256898,257170,257372,258311,259189,260058,261131,261534,261788,261899,262345,263155,263935,264810,265562,266008,266273,266780,267700,268524,269057,269870,270368,270548,271228,272125,273126,273753,274545,275049,275551,276221,277020,278066,278858,279600,280272,280714,281667,282719,283839,284774,285632,286130,286616,287535,288465,289348,289777,289795,290326,290821,291907,292712,293540,293802,293807,294010,294224,295439,296752,297974,299045,300454,301501,302125,303512,305012,306029,307520,308936,309526,309816,311063,312632,314119,316176,317876,318777,319545,320894,323290,325562,327281,328800,329306,329486,331163,333052,334704,336453,338047,338670,339273,341050,342482,344363
Rondônia,RO,0,0,0,0,0,0,0,0,0,0,0,0,0,0,0,0,0,0,0,0,0,0,0,1,1,3,3,3,5,5,6,6,6,6,8,9,10,10,11,12,14,18,18,28,32,33,35,42,64,69,76,92,110,128,160,199,223,250,290,328,364,393,413,433,502,585,653,705,756,861,943,1098,1222,1263,1302,1396,1460,1612,1686,1789,1919,1963,2043,2257,2499,2659,2774,3109,3201,3268,3493,3862,4252,4502,4743,4942,5172,5477,5713,6459,6862,7700,8110,8626,9220,9850,10547,11224,11710,11865,12180,13010,13567,13804,14353,14952,15181,15827,16498,17424,18173,19271,19271,19820,20406,21251,21462,21970,22241,22957,23479,23921,24564,25067,25402,26000,26496,26728,27050,27528,27917,28654,29117,29117,29117,29801,30642,32935,34080,34873,35573,35810,36148,36849,37634,38407,38992,39504,39893,40016,41239,42020,42725,43390,43866,44010,44372,45468,46061,46676,47288,47652,47837,48232,48923,49721,50147,50514,50995,51421,51791,52514,53119,53805,54205,54496,54679,55153,55768,56411,56618,57352,57865,58066,58237,58559,59196,59620,60038,60362,60484,60746,61260,61619,62158,62495,62697,62863,63267,63781,64306,64481,64732,64923,65208,65386,65673,65911,66261,66473,66576,66623,66783,67014,67181,67323,67479,67812,67937,67973,68126,68393,68612,68823,68907,68907,69213,69332,69531,69806,70041,70350,70461,70600,70887,71121,71351,71496,71666,71889,71953,72049,72295,72630,72827,73040,73311,73490,73688,73990,74248,74598,74981,75182,75468,75652,76019,76377,76729,77064,77348,77615,78189,78470,78788,78788,79765,80055,80538,80802,81322,81733,82064,82408,82909,83392,83959,84405,84919,85253,85410,85854,86118,86909,87397,87863,88410,88822,89047,89583,90835,91574,92099,92381,92587,92775,93667,94354,95035,95729,95999,96433,96906,97197,97854,98811,99595,100343,101024,101588,102518,103798,104737,105952,107332,108173,109056,110331,111372,112468,113778,115200,116133,117101,118097,119336,121005,121975,123200,123957,124663,125612,126766,127713,128743,129902,130753,131172,132167,133113,133983,134697
Roraima,RR,0,0,0,0,0,0,0,0,0,0,0,0,0,0,0,0,0,0,0,0,0,0,0,0,0,2,2,2,8,8,10,12,16,16,16,22,26,30,37,42,42,42,49,52,63,75,79,83,113,114,142,164,201,222,244,247,280,297,304,345,401,407,425,452,519,602,668,740,806,869,932,1020,1124,1202,1290,1295,1328,1411,1500,1589,1706,1791,1876,1985,2067,2146,2306,2374,2439,2514,2583,2682,2959,3098,3299,3474,3692,3850,4143,4483,4831,5238,5529,5768,6056,6347,6594,6712,6842,6875,6881,6935,7150,7421,7650,8037,8120,8188,10340,10803,11872,12911,13078,14341,14459,14641,15153,17583,18323,18769,18922,18948,19088,19284,20154,21220,21849,22225,22627,22968,23681,24397,25007,25373,25467,25686,25985,26954,27932,28874,29394,29829,29902,30316,30996,31455,32016,32723,33151,33188,33194,34296,34929,35540,35933,36387,36449,37006,37579,38270,38897,39397,39623,39665,40183,40501,40989,41191,41527,41730,41770,42044,42359,42690,42997,43299,43470,43518,43707,44036,44334,44665,44975,45137,45253,45302,45505,45855,46102,46348,46478,46545,46848,47164,47398,47692,48088,48302,48330,48542,48919,49216,49474,49681,49911,49968,50185,50449,50681,51013,51298,51368,51368,51450,51635,51879,52131,52440,52637,52659,52701,52848,53353,53726,54019,54181,54226,54459,54676,54905,55269,55613,55862,55951,56182,56469,56733,57002,57284,57407,57488,57624,57789,58304,58684,59065,59189,59195,59273,59586,59946,60156,60416,60535,60579,60790,61001,61245,61553,61744,61838,62015,62139,62414,62603,62757,62816,63234,63322,63572,63899,64174,64317,64685,64905,65015,65084,65218,65595,65974,66221,66407,66454,66515,66574,66977,67184,67359,67429,67531,67686,67909,68107,68195,68237,68264,68295,68363,68509,68689,68710,68858,68875,68947,69029,69180,69326,69461,69640,69732,69785,69888,70086,70346,70475,70752,70948,71065,71232,71451,71583,71740,72127,72313,72462,72656,72921,73238,73654,73909,74115,74264,74367,74705,74960,75288,75492,75712,75820,76043,76327,76636
Tocantins,TO,0,0,0,0,0,0,0,0,0,0,0,0,0,0,0,0,0,0,0,0,0,0,1,1,2,2,5,7,7,7,8,9,9,10,11,12,12,12,14,17,17,19,23,23,23,23,25,26,26,26,29,31,33,33,34,37,37,37,43,50,58,67,79,116,137,164,191,246,267,303,351,423,494,572,688,747,828,932,1029,1179,1279,1382,1496,1646,1809,1976,2205,2430,2591,2696,2858,3023,3277,3611,3981,4176,4345,4483,4698,4881,5182,5505,5644,5807,6052,6257,6529,6744,6931,6972,7137,7309,7573,7774,7956,8203,8354,8477,8766,9098,9425,9681,9966,10228,10359,10764,11222,11454,11736,12282,12475,12640,13004,13440,13845,14509,14939,15132,15307,15723,16031,16672,16954,17209,17773,17898,18354,18850,19423,19965,20920,21767,22106,22851,23517,24278,24824,25346,26434,26998,27664,28312,29539,30358,31103,31663,32289,33047,33766,34409,35403,36478,36989,37856,38845,39832,40786,41848,42839,43596,44273,45400,46364,47558,48580,49651,50373,50694,51629,52124,52938,54013,55075,55513,55906,56223,56684,57897,58655,59395,59722,60035,60725,61271,61683,62498,63167,63423,63544,64273,64787,65354,65994,66516,66710,66865,67479,68003,68606,69008,69398,69419,69478,69587,69969,70347,70704,71048,71136,71195,71269,71624,71984,72335,72571,72594,72724,73065,73314,73566,73902,74118,74184,74229,74500,74837,75106,75425,75569,75625,75648,75680,75991,76175,76175,76739,76805,76860,77095,77306,77528,77788,77972,78077,78169,78364,78618,78878,79158,79420,79514,79612,79894,80218,80450,80717,81266,81469,81632,81972,82295,82651,82995,83300,83411,83544,83948,84281,84637,84963,85272,85385,85549,85731,86180,86585,86971,87295,87478,87695,88070,88376,88739,88979,89140,89289,89410,89794,90047,90358,90536,90592,90703,90860,91230,91596,92000,92445,92916,93099,93261,93895,94381,94945,95503,96058,96390,96589,97196,97790,98252,98787,99290,99485,99623,100204,100709,101119,101666,102108,102217,102348,102790,103215,103616,103950,104402,104592,104737,105184,105577,105998
Norte,(N),0,0,0,0,0,0,0,0,0,0,0,0,0,0,0,0,0,0,1,1,1,1,8,15,26,49,59,82,105,126,145,184,227,254,294,337,377,427,527,651,791,951,1222,1360,1505,1663,1898,2028,2416,2582,2876,3158,3416,3691,4109,4431,4907,5514,6144,6880,7600,8044,8745,9594,10772,11857,12774,14376,15662,17362,19475,21377,23207,25565,27195,28051,30900,34088,37431,40473,43466,45277,47319,51107,55580,60195,64790,69370,72736,75922,81231,86978,94085,100916,105264,107752,109245,115188,121461,128917,135112,140702,143851,147466,153938,160767,166042,171097,175875,177551,178783,184542,190986,196409,202623,209812,212940,218464,227560,234738,240492,246861,251464,255524,257723,262430,268616,275805,280934,286780,289206,291160,297210,302308,307678,313758,318807,320879,323717,328794,334487,340656,345465,349967,351754,354777,359638,366457,373116,378807,383723,386297,388205,393148,398428,403475,407550,411928,414492,416236,421350,427924,434067,439244,444066,446447,448476,453632,458998,464039,469652,473725,476396,478699,483812,489234,494435,499203,504070,506490,508191,513635,518918,523987,528587,532923,535283,537057,541362,545627,549578,554211,558595,560378,561892,563360,567071,571499,575315,578636,580211,581670,585705,589134,592286,595807,599529,600806,601888,605303,609207,612714,616314,619719,621670,622815,626560,630614,634325,637580,640475,641125,641719,644125,647006,649665,652257,654597,655541,655737,656821,659264,662130,664561,667492,668430,669311,672028,675623,678586,681775,684952,686650,687981,691329,694414,697591,700534,702092,703426,704064,705156,707908,710628,712053,715543,716856,718004,720638,723460,725837,729347,731897,733050,734118,736466,739331,742414,745439,747807,749359,751066,753977,756986,759926,762517,766272,768153,769630,772825,776200,779816,782663,785605,787440,789198,792205,794789,798429,801894,804182,806471,808343,811065,815029,818791,822197,825760,827271,829423,833696,837067,840468,842082,842795,844714,847106,851256,854930,859150,860671,861939,863521,865092,869718,875278,880045,883250,890614,893910,898434,904284,909594,917122,924321,931120,934748,938636,944087,953060,959178,967921,975280,979067,982601,989965,998590,1005124,1011999,1019999,1023203,1026651,1033041,1040083,1046731,1052927,1059548,1062230,1065339,1071033,1077396,1083750
Alagoas,AL,0,0,0,0,0,0,0,0,0,0,0,1,1,1,1,1,1,1,1,1,1,1,4,5,7,7,7,9,11,11,11,14,17,17,18,18,18,22,23,28,31,32,37,37,45,48,48,50,72,82,89,110,132,159,171,210,243,324,413,501,554,643,777,957,1044,1226,1372,1441,1538,1606,1703,1867,2033,2172,2258,2343,2580,2761,2972,3212,3593,3816,4031,4316,4437,4916,5302,5630,6214,6682,7058,7580,8055,8618,9223,10288,10837,11559,12407,13097,13937,14818,15706,15706,17193,18176,19200,20031,20887,22199,22962,23632,24867,25633,26906,27698,28657,29395,30248,31230,32065,32864,33521,34312,35117,35962,36819,37328,38404,39255,39935,40569,41524,42322,43191,43959,44633,45330,46296,47005,47864,48734,49253,49583,50078,50307,50951,51680,52529,53713,54730,55376,56204,57142,58124,58979,59725,60992,62240,62778,63351,64194,65093,65916,66748,67613,68237,68935,69751,70629,71232,72076,72734,72938,73701,74140,74622,74839,75470,75857,76495,76894,77317,77755,78174,78483,78637,78804,79258,79550,79797,80103,80462,80717,80786,80866,81092,81330,81440,82028,82230,82332,82595,82983,83035,83298,83950,84508,84720,85008,85559,85753,85937,86124,86294,86393,86549,86879,87504,87750,87928,88098,88135,88283,88426,88538,88653,88790,88826,88880,88954,89082,89192,89278,89365,89493,89528,89644,89746,89847,89994,90124,90177,90254,90384,90497,90564,90671,90789,90820,90918,91016,91142,91270,91407,91603,91718,91848,91939,92040,92166,92328,92480,92596,92642,92815,92951,93123,93245,93359,93440,93569,93708,93915,94060,94392,94613,94859,94984,95152,95388,95643,95898,96300,96632,96784,96973,97248,97562,97948,98177,98612,98928,99238,100011,100307,100619,100978,101285,101443,101745,102178,102569,102827,103125,103551,103748,104119,104499,104818,105091,105361,105714,106032,106410,106881,107279,107628,108109,108542,108820,109319,109720,110112,110572,110968,111443,111724,112097,112476,112854,113205,113662,114169,114836,115383,115946,116379,116773,117287,117768,118220,118741,119088,119458,120028,120455,120694,121145,121603,122025,122491
Bahia,BA,0,0,0,0,0,0,0,0,0,1,2,2,2,2,2,2,2,2,2,2,3,3,30,33,41,49,63,76,84,104,115,128,154,176,213,246,267,282,332,401,431,456,497,559,604,635,673,723,759,807,951,1059,1193,1230,1341,1489,1644,1789,1962,2081,2209,2354,2540,2646,2851,3085,3315,3495,3734,4040,4301,4528,4818,5174,5558,5808,6204,6547,6955,8128,8314,8443,8581,11013,11197,11941,12557,13000,13899,14204,14566,15070,15963,16917,17626,18392,18898,21430,22451,23463,26419,27396,28250,28715,30481,32685,33891,34665,35788,36401,37620,39206,40926,41577,43922,45304,46279,47086,49084,51931,54291,56422,65244,68495,69467,73307,76485,79349,82314,85485,87048,88279,91954,95536,98319,101186,104188,105763,106891,110029,112993,116373,118657,120238,122169,123292,126844,133245,138358,142767,146399,148179,149109,153313,157334,161630,166154,168926,170476,171391,175389,179737,183690,187892,191401,193029,194097,198767,203020,206955,210993,214379,216030,217115,221041,224659,228596,229743,234204,236050,237208,240939,245021,247853,250977,254790,256062,256727,259418,262299,265739,268137,270177,271225,271963,272814,275088,277327,279509,281665,282517,283235,285448,287685,289655,292019,294210,295303,295996,297805,299415,301248,303058,305186,306036,306629,308252,310526,312050,313404,314711,315440,316005,318147,319981,321798,323210,324964,325957,326634,327327,329787,331362,332898,334697,335351,336232,337994,339215,340665,342526,344014,344705,345949,347721,349711,351277,352700,353157,354043,354576,354983,355753,359130,361136,362563,363146,363986,365941,367669,369259,371378,372727,374009,374721,375374,377445,380294,382164,383945,384903,386321,387786,390909,392381,394300,398504,401419,403071,406189,409417,412685,416734,419044,423124,424704,428034,431786,436662,440545,443465,444661,447126,451240,456106,461026,464083,468003,469660,471177,473865,476955,479553,480764,482113,483737,484485,487691,490538,493400,494684,495286,496008,496823,499900,502938,505918,508695,511192,512841,513756,515861,518955,523068,528539,534371,537772,540320,544324,549315,553770,557900,562466,565320,566743,570092,574062,577707,581880,585958,588106,589234,592770,596140,599435,602792,606062,607946,609755,613339,616789,620042
Ceará,CE,0,0,0,0,0,0,0,0,0,0,0,0,0,0,0,0,0,0,0,0,5,9,20,55,68,112,163,182,200,235,282,314,348,372,390,444,550,627,730,823,1013,1051,1291,1425,1478,1582,1676,1800,2005,2157,2386,2684,3034,3252,3482,3716,3910,4598,4800,5421,5833,6726,6918,7267,7606,7879,8309,8370,11040,11470,12304,13888,14956,15879,16692,17599,18412,19156,21077,22490,23795,24255,26363,28112,30560,31413,34573,35122,35595,36185,37021,37275,37821,38395,46506,48489,50504,53073,56056,59795,61595,63575,64271,65605,68384,71402,73879,75705,76429,76748,79462,81289,84967,87273,89863,92156,92866,94158,97528,99578,102126,104422,106628,107568,108225,108699,113017,115524,118041,120952,121464,122477,124952,128471,131000,133546,135945,136785,137206,139437,141248,144000,145938,146544,146972,147566,148986,153108,156242,158824,161597,162085,162429,165550,169072,171468,173882,175928,176580,176961,179341,181443,183301,185409,188244,188542,188657,190550,192422,194081,196144,197381,197619,198202,199258,201201,202422,202999,204587,205441,205564,207386,208782,210727,212484,214094,214457,214953,216333,218396,219672,230105,222179,222372,222445,222577,223622,224759,225878,227075,227449,227799,229072,230406,231438,232602,233600,233818,234120,235222,236100,237108,237147,238568,238935,239062,239497,241159,241684,242331,242669,242873,243106,255929,256764,257865,258479,259764,260154,260222,260642,261284,262567,263143,264245,265102,265583,266289,266316,268274,269165,269392,270264,270577,271006,272104,272778,273552,274185,274341,274615,274833,275671,276319,277252,277950,278157,278608,279322,279989,282471,282791,284208,285301,286562,287242,288122,289314,289925,290959,291617,292663,292663,295073,297152,298312,299290,299949,300627,301414,301802,303168,303868,304443,304443,304714,309168,312068,313439,314445,314674,315913,316394,316681,320385,321567,322494,322861,323941,324196,325250,326058,327140,327140,327832,327865,328620,330687,332462,335091,335992,336574,336763,336975,337956,340089,341276,342941,343887,344813,345124,345235,348414,349575,351351,352340,353388,353979,356117,356985,358404,360149,360973,362351,363967,365640,367265,368281,369245,370300,373417,374856,375024,378191,378198,380710,381621,382597,384531,386108,386108,389457
Maranhão,MA,0,0,0,0,0,0,0,0,0,0,0,0,0,0,0,0,0,0,0,0,0,0,0,0,1,2,2,8,8,10,13,14,16,23,31,54,71,81,88,96,133,172,230,273,293,344,398,445,478,630,695,797,1040,1205,1320,1396,1604,1757,1951,2105,2223,2410,2528,2804,3190,3506,3805,4040,4227,4530,5028,5389,5909,6765,7599,8144,8526,9112,9801,10739,11592,12492,13238,14198,15114,16058,17212,18767,21191,22786,24278,26145,27979,30482,32620,34639,35297,36625,38174,40629,43313,45470,47593,49371,52069,53508,55680,57605,58859,59850,60592,62711,64735,66091,68500,69673,70059,70689,72021,73314,74925,76698,78115,78512,78969,80451,83256,86025,88214,89057,89714,90251,92088,92939,95323,96718,98398,98952,99830,101467,102469,104126,105183,106092,106325,106906,108154,109731,111488,112683,113563,113891,114585,115988,117694,119262,120661,121581,121953,122482,123887,125459,127065,128846,129700,130136,130566,132060,133265,134193,135324,136280,136853,137408,139185,140571,141860,143103,143873,144400,144895,145921,147676,148923,150144,150895,151212,151615,152681,154468,155717,157052,157844,158050,158310,159163,160239,160968,161994,162476,162583,162998,163802,164770,165499,166580,167333,167657,167948,168913,169690,170186,170923,171480,171755,172176,172845,173564,174195,174788,175218,175388,175753,176283,176995,177584,178192,178549,178765,178890,179170,179654,180154,180560,180887,181051,181545,182020,182483,182944,183461,183763,183938,184122,184668,185000,185156,185714,185827,185917,185986,186209,186572,186904,187294,187555,187652,187919,188313,188677,189048,189321,189501,189590,189705,189936,190321,190641,190953,191127,191204,191366,191721,192129,192501,192845,193053,193066,193170,193550,193883,194320,194800,195020,195086,195221,195589,195958,196446,196848,197006,197056,197267,197684,198147,198500,198843,199094,199105,199198,199535,199754,199906,199986,200043,200127,200220,200564,200749,200938,200959,200976,201017,201093,201255,201454,201641,201745,201915,201945,202050,202314,202574,202839,203156,203334,203423,203581,203964,204300,204767,205065,205396,205481,205621,205920,206290,206680,207145,207415,207488,207649,208198,208724,209085,209331,209604,209778,210017,210539,211053,211644
Paraíba,PB,0,0,0,0,0,0,0,0,0,0,0,0,0,0,0,0,0,0,0,0,0,0,1,1,1,1,2,3,3,5,9,14,14,15,17,20,21,29,32,34,35,36,41,55,79,85,101,111,136,151,165,195,205,236,245,263,301,345,386,447,499,543,633,699,814,926,1034,1169,1219,1361,1493,1657,2031,2156,2341,2525,2777,3045,3361,3739,4063,4347,4786,5300,5838,6238,6882,7508,7823,8016,8919,10209,11132,12011,12862,13162,13695,14859,16018,17579,18579,19787,20310,20951,22452,24032,25370,26556,27454,28013,28668,30128,31712,31760,35093,36521,36784,37253,38999,39912,40824,42832,44242,44679,45057,46957,48175,49536,50765,52306,52728,53151,54802,56344,57614,59118,60421,60784,61108,62462,63939,65423,66347,66971,67382,67680,68844,70972,73104,74550,75723,76153,76693,78175,79898,81108,82794,83461,84008,84211,85760,87071,87867,89117,89893,90082,90366,91819,92897,93794,94660,95588,96033,96223,97497,98494,99445,100290,100970,101132,101303,102208,103213,104096,104803,105531,105661,105778,106605,107384,108182,108925,109530,109673,109706,109860,110727,111495,112018,112706,112961,113163,113903,114582,115359,115966,116588,116736,116879,117495,118048,118567,119134,119731,119783,119987,120654,121267,121809,122273,122681,122713,122890,123564,124315,124749,125285,125713,125877,125933,126073,126791,127456,128032,128416,128435,128549,129045,129414,129731,130225,130658,130781,130916,131435,131979,132231,132730,133149,133220,133286,133379,133958,134297,134837,135325,135517,135604,136029,136637,137474,137942,138464,138546,139168,139776,140355,140982,141615,142265,142457,142588,142898,143615,144378,144741,145110,145212,145253,145794,146528,147274,148003,148712,149385,149989,150575,151312,152073,152962,153556,153649,153917,154734,156122,157396,158449,159109,159436,159639,160611,161539,162149,162380,163107,163415,163993,164416,165426,166484,167062,167615,168044,168179,168545,169646,170611,171547,172261,172776,173299,173518,174199,175227,175997,176835,177618,177843,178081,179353,180464,181773,182907,183726,184907,186033,187246,188290,189415,190480,191584,192598,193465,194519,195482,195482,197460,198124,198735,199706,200846,201976
Pernambuco,PE,0,0,0,0,0,0,0,0,0,0,0,0,0,0,0,2,2,2,2,2,16,16,28,30,30,37,42,42,46,48,56,68,73,78,87,95,106,136,176,201,223,352,401,555,684,816,960,1154,1284,1484,1683,2006,2193,2459,2690,2908,3298,3519,3999,4507,4898,5358,5724,6194,6876,7334,8145,8643,8863,9325,9881,10824,11587,12470,13275,13768,14309,14901,15588,16209,18488,19452,20094,21242,22560,23911,25760,26786,27759,28366,28854,29919,30713,32255,33427,34450,34900,35508,36463,37507,38511,39361,40242,40705,41010,41935,42994,43872,44671,45261,45507,46427,47446,48626,49720,51118,52113,52494,52831,54022,55136,55804,57089,58107,58476,58858,59705,61119,62362,63457,65129,65642,66151,67604,68767,70100,71370,72470,72901,73576,74960,76091,77423,78509,79452,80115,80441,81382,83240,85042,86752,88466,89132,89678,91536,93373,95005,96746,97970,98401,98833,100321,101395,102872,104113,105134,105381,105982,107375,108842,110409,111773,112958,113183,113788,115217,116359,117431,118027,119140,119357,119958,121078,122147,123146,124151,125094,125539,127287,128724,130199,130199,131961,132152,132420,132590,133579,134619,135643,136413,136672,136853,137869,138568,139325,140235,141042,141517,141777,142488,143165,143703,144268,144940,145016,145096,146325,147171,147872,148737,149349,149417,149454,150217,151139,151736,152414,152998,153144,153222,153299,154041,154866,155520,155923,156029,156130,156794,157418,157777,158496,159220,159377,159476,160354,161161,161740,162402,162893,162977,163039,163156,163642,164222,165273,165922,166333,166540,167233,168093,168880,169710,170553,170860,171216,171890,172716,173624,174312,175258,175730,176158,176939,178086,178639,179308,181392,181841,182406,184259,185607,187038,188132,189650,190415,191161,192397,193530,195118,197063,198426,198684,199046,199780,201851,203497,205262,207008,207426,208135,210081,211996,213453,214562,214949,215552,215994,217772,220284,222166,222993,223325,223540,223845,225336,226940,228451,229701,230891,232037,232756,234238,236041,237453,239155,240605,241087,241409,243044,244814,246799,248513,250165,250702,251291,253415,255483,256977,258725,260679,261300,261745,263722,265349,266999,268486,269937,270801,271542,273278,274809,276452
Piauí,PI,0,0,0,0,0,0,0,0,0,0,0,0,0,0,0,0,0,0,0,0,0,0,0,3,4,4,6,6,8,9,9,11,14,16,18,18,19,21,22,23,23,28,31,38,40,41,44,50,58,75,91,102,123,145,158,186,206,217,256,297,331,364,408,454,513,600,665,742,784,875,949,1051,1131,1233,1278,1332,1443,1612,1784,1905,2085,2252,2287,2440,2637,2852,3074,3258,3390,3550,3720,3966,4243,4503,4745,4931,5119,5506,5828,6064,6717,7105,7478,7621,7927,8359,8823,9337,9825,10153,10357,10881,11559,12099,12567,13813,14264,14476,15269,16227,17080,18023,18665,19158,19753,20422,22059,23307,24376,25561,26079,26511,27514,28411,29745,31269,32465,32963,33359,34156,35445,36542,37057,38568,39296,39606,40276,41815,43179,44349,45389,46044,46584,47551,48962,50198,51477,52458,52993,53224,54443,55919,57100,58390,59571,59982,60178,61144,62465,63662,64595,65638,66078,66315,67226,68475,69839,70536,71510,71899,72165,72956,74096,75160,76033,76916,77265,77405,77859,78922,79719,80750,81626,82006,82282,82564,83502,84508,85225,86085,86396,86538,87213,87959,88671,89443,90061,90370,90617,91355,92030,92801,93399,94179,94540,94733,95227,96086,96849,97498,98108,98344,98603,99276,99960,100548,101123,101951,102268,102500,102813,103461,104329,105156,105838,106200,106394,106908,107580,108346,109051,109829,110103,110278,110864,111543,112200,112765,113291,113546,113774,113942,114530,115026,115825,116526,116742,117149,117732,118349,118939,119456,119940,120172,120266,120466,120913,121428,122007,122518,122744,122929,123378,124076,124494,125155,125675,126721,127014,127686,128432,129096,129825,130539,130984,131454,132095,132718,133336,133870,134429,134717,134892,135239,135769,136423,137027,137607,137944,138152,138586,139168,139713,139928,140245,140496,140749,141258,141951,142672,143179,143210,143489,143651,144200,144857,145384,145997,146779,147038,147509,148032,148867,149686,150374,151046,151397,151619,152211,152997,153771,154397,155105,155362,155723,156149,156875,157469,157775,158584,159023,159290,159741,160252,160948,161336,162148,162405,162637,163087,163497,164162
Rio Grande do Norte,RN,0,0,0,0,0,0,0,0,0,0,0,0,0,0,0,0,1,1,1,1,1,1,1,1,6,9,13,13,14,19,28,45,68,77,82,92,105,176,212,242,246,254,261,261,263,289,302,339,376,399,400,463,516,531,595,608,646,708,754,781,825,832,857,1086,1177,1297,1366,1392,1421,1536,1574,1739,1821,1919,1928,1989,2033,2367,2537,2786,3004,3137,3184,3483,3796,4060,4251,4599,4697,4759,5472,5630,5630,6463,7402,8051,7964,8233,9149,9282,9440,9449,9452,10888,11027,11568,13234,13501,13789,14171,14214,15212,15212,15889,16039,19206,19290,19957,20075,21774,22665,23731,24253,24456,29721,30287,31899,32897,33421,34257,34645,34984,35820,36511,37060,38265,38616,39421,39800,40341,40654,40978,41303,43451,43766,43957,44267,45184,46056,46683,46926,47099,47291,48374,49051,49667,50416,51557,51845,52030,52566,53490,54106,54717,55150,55290,55420,57921,56572,57072,57467,57660,57720,57898,58307,58667,59138,59191,59393,59582,59649,60161,60442,60893,61219,61507,61649,61748,61991,62432,62855,63289,63693,63801,63810,63879,64135,64519,64878,65045,65300,65360,65647,65933,66322,66655,66963,67184,67217,67459,67761,68059,68331,68500,68627,68765,69013,69433,69715,70106,70553,70722,70789,71043,71898,72348,72450,72625,72889,73071,73143,73695,74352,76660,76849,77271,78548,78704,79326,79371,79501,79703,79879,79908,80067,80671,80950,81079,81176,81312,81491,81557,81876,82079,82208,82362,82559,82580,82861,82953,83108,83277,83401,83646,83653,84154,84381,84530,84865,85778,86602,86768,86974,88064,88767,92647,93372,94482,95123,95660,96681,96855,97098,97581,97955,98553,98831,99841,101209,102340,102846,103916,104299,104855,106095,106371,106927,107654,108934,109734,110505,111970,112877,113930,114204,114768,114799,115747,116904,118083,118353,118691,119079,119186,120024,120836,121439,122591,123783,124278,124523,125338,125550,126890,127847,129549,130350,130578,130973,132294,133174,134010,134881,135774,136131,136741,137557,138013,138812,140032,140583,140704,141251,141663,142465,142465,143519,144780,145270,145729,146686,147631
Sergipe,SE,0,0,0,0,0,0,0,0,0,0,0,0,0,0,0,0,0,0,1,1,4,5,6,6,10,10,10,15,16,16,16,16,16,16,19,20,23,25,27,32,32,36,36,39,42,42,44,44,45,46,48,53,71,83,86,92,117,124,144,153,159,197,280,337,447,517,601,730,772,898,998,1214,1438,1588,1771,1800,2032,2268,2494,2868,3135,3343,3566,3967,4277,4734,4922,5131,5314,5448,5735,5912,6156,6462,6805,6999,7233,7555,7989,8200,8577,8972,9290,9727,10126,10615,11056,11534,12866,13968,15675,16310,16807,17338,17808,18449,18985,19384,19883,20353,21081,21908,23319,24421,24817,25411,25915,26612,28186,29761,30217,30718,31640,32490,33416,34713,36046,37631,38221,39167,40139,41226,41888,43072,45243,46059,47110,48140,49397,51132,52264,52603,53612,55009,56214,57684,58713,59724,60035,60479,61069,61986,62844,63728,64271,64693,64974,65455,65865,66810,67225,67701,67997,68313,68699,69067,69502,69845,70252,70472,70606,70926,71222,71599,72039,72280,72417,72528,72721,72931,73182,73383,73631,73740,73846,73971,74121,74386,74645,74765,74833,75046,75203,75342,75560,75664,75772,75873,76073,76193,76353,76603,76727,76917,77083,77172,77280,77440,77635,77779,78002,78195,78380,78525,78692,78957,79245,79501,79896,79975,80234,80427,80733,80925,81119,81564,82040,82301,82826,83139,83407,83646,83794,83863,83965,84048,84171,84237,84326,84362,84491,84577,84709,84810,85053,85226,85377,85477,85574,85643,85804,85893,85980,86045,86146,86273,86361,86612,86847,87089,87248,87477,87800,88100,88661,88999,89507,89998,90148,90386,90920,91718,91793,91854,94451,95174,95493,96346,96990,97562,98472,99151,99753,100371,101148,101706,101810,103042,103955,104426,105018,105673,106896,107721,108166,108943,110001,110804,111735,112505,113544,113916,114685,115636,116779,117818,119045,120262,121222,122594,123836,124276,124942,126204,127349,127715,128395,128854,129505,130286,131023,131835,132337,132829,133655,134003,134556,135385,136280,136799,137417,138187,138611,139223,139611,140005,140272,140623,141464,142073,142901,143400
Nordeste,(NE),0,0,0,0,0,0,0,0,0,1,2,3,3,3,3,5,6,6,7,7,30,35,90,134,168,231,308,354,390,457,539,624,720,790,875,1007,1180,1399,1642,1880,2167,2417,2825,3242,3528,3882,4246,4716,5213,5831,6508,7469,8507,9300,10088,10868,11969,13381,14665,16293,17531,19427,20665,22444,24518,26370,28612,30022,33598,35641,38231,42157,45724,49356,52700,55308,58316,61769,66569,72076,78069,81537,86130,94071,100416,106123,114533,119801,125882,129996,135623,141706,147692,156106,171216,179401,184447,194348,204535,215616,227088,235933,242592,249289,260669,272280,284127,292806,300568,306764,315057,325796,338231,346286,360418,373938,379297,384892,395938,408341,420193,432704,451076,459708,469602,480354,497330,511697,526083,540091,546959,552582,566445,580628,594435,608874,622082,630099,635612,647640,659711,673493,683049,693028,700683,705488,715873,735257,753593,769743,783343,789896,795639,810780,827885,843369,858827,871373,878100,881957,894639,909620,922461,936887,949091,954501,957876,972633,983632,996038,1008049,1018476,1024022,1027595,1038702,1050491,1061783,1067977,1078286,1083973,1087242,1097349,1108847,1119153,1129019,1138647,1142454,1145097,1154153,1165106,1175062,1191943,1191103,1193736,1195568,1198284,1206105,1213911,1221230,1228258,1230941,1233324,1240752,1248228,1254864,1262462,1269519,1272966,1275347,1281938,1288121,1294028,1298924,1305625,1308069,1310013,1315642,1323525,1329313,1334666,1339219,1341190,1343115,1361267,1368170,1374123,1379051,1384855,1387776,1389327,1391655,1398222,1405011,1412172,1417339,1420496,1424549,1429699,1434324,1440094,1445826,1450349,1453018,1455343,1460464,1466714,1471067,1475850,1478793,1480538,1482176,1483652,1487853,1494057,1500285,1505032,1507201,1509711,1514944,1520050,1527149,1532096,1537254,1540765,1544079,1547926,1553565,1560548,1565933,1572298,1575945,1579839,1583867,1593967,1601033,1610699,1620516,1627547,1631796,1640090,1648658,1657797,1666151,1673143,1682475,1687754,1699155,1710807,1722835,1733583,1741051,1746359,1751622,1759822,1775634,1786793,1795514,1805356,1811686,1816100,1825196,1835291,1844256,1849238,1853784,1858454,1862609,1873058,1884548,1896157,1901857,1904954,1908339,1911420,1920405,1931459,1941044,1951107,1960039,1966864,1971673,1978131,1989262,2001054,2014340,2026763,2034873,2039907,2050316,2062820,2075026,2086847,2097892,2105714,2112874,2123376,2135280,2145181,2156050,2167534,2176686,2182483,2191523,2203149,2211681,2220635,2231078,2237748,2245096,2255462,2264714,2277255
Espirito Santo,ES,0,0,0,0,0,0,0,0,0,1,1,1,1,1,1,1,1,1,1,1,1,9,11,13,26,26,29,33,39,39,47,53,60,72,84,96,120,139,153,166,194,209,227,273,300,349,383,430,463,557,754,856,952,1099,1168,1212,1313,1363,1381,1595,1703,1796,1874,2107,2465,2662,2985,3086,3226,3402,3568,3838,4242,4412,4599,4819,5087,5401,5813,6198,6595,6744,7157,7693,8092,8878,9520,9918,10007,10365,10889,11484,12203,12903,13437,13690,14069,15151,16121,16894,18109,18950,19619,20659,21964,23344,24229,25257,25932,26441,27581,28952,30441,31671,33142,34216,34858,35784,36827,38481,40246,41652,41652,43683,45097,46893,48821,50240,51689,52823,53393,54547,56698,58537,60009,61356,62236,62799,63879,65213,66352,68118,69461,70131,70609,71703,72601,73688,74608,75854,76598,77200,78037,79464,80569,81885,83292,83814,84238,85215,86209,87242,88543,89923,91146,91791,93069,94476,95753,96949,98106,98765,99580,100859,101874,103090,104037,104911,105613,105892,106493,107191,107909,108662,109493,110025,110351,111261,111979,112825,113759,114700,115172,115505,115793,116578,117270,118138,118813,119354,119548,120251,120916,121708,122471,123272,123720,124291,125098,125867,126606,127328,128265,128710,129192,129796,130636,131490,132350,133025,133744,134296,134946,135850,136590,137330,138099,138442,138933,139755,140629,141462,141979,143093,143918,144415,145414,146233,147317,147898,149149,149654,150300,151185,152143,153004,154003,154679,155709,155993,156681,157648,158768,159813,160890,161208,162417,163002,164518,165578,166853,168162,168751,169928,171067,172924,174144,175172,176903,177486,178109,179397,181098,182743,184633,186418,186574,188929,189871,191798,193824,195255,196917,198690,200213,201881,204292,206701,208252,210584,211992,212304,213124,216714,220540,223028,224999,227245,228741,230280,232557,234382,234382,236956,238377,239032,241273,244057,246783,248232,249260,250227,251643,253115,255497,255907,258799,260836,262113,263483,265313,267323,269088,270913,272957,274470,275504,277173,278959,280067,281910,283849,284841,285641,287096,288268,289496,290609,292269,293030,294086,295183,296542,297610,299076,300624,301834,302841,303541,304687,306265,307793
Minas Gerais,MG,0,0,0,0,0,0,0,0,0,0,0,1,1,1,1,1,2,2,2,5,7,15,29,35,38,83,128,130,133,153,189,205,231,261,275,314,370,397,430,498,525,559,614,655,698,750,806,815,884,903,958,1021,1077,1154,1189,1230,1283,1308,1419,1481,1548,1586,1649,1758,1827,1935,2023,2118,2347,2452,2605,2770,2943,3123,3237,3320,3435,3733,3950,4196,4474,4611,4695,4977,5286,5596,5995,6338,6668,6962,7516,8011,8686,9232,9630,10464,10670,10939,12010,13034,13995,14939,15703,15883,16102,17501,18448,20106,20614,21381,21728,22024,23347,24906,26052,27305,27641,28918,29897,31343,32769,38891,40966,42741,43864,45001,47584,50707,53351,55958,58283,59626,60897,64035,66864,70086,73813,75851,76822,78643,82010,84470,87271,90875,92972,94132,95566,98741,102568,106812,110093,112571,113718,116645,119394,123415,127106,129985,132801,133743,135728,139661,142828,147323,150723,153927,155075,156551,160485,164915,168428,171514,174402,175715,177787,181158,185062,188623,191507,194614,195920,198736,201973,205942,209465,212565,215050,216557,218781,222048,224987,228013,231878,234804,236012,236663,238515,242533,246149,250190,252263,253997,255606,258595,262001,265185,268009,270053,271194,273233,276314,278901,283479,286350,288619,290137,292291,295169,298607,302082,305527,307199,308466,310124,313032,315041,318090,321140,322936,323967,324626,325972,328402,331433,333998,335683,336648,338107,340502,343159,345188,347006,348804,349512,351033,353311,355226,357347,358971,359991,360830,361156,362340,364541,366303,368609,369956,370991,372482,374651,376537,379274,381310,382882,383473,385427,387751,390337,393110,395534,396933,398014,399536,403542,406880,409731,412996,415247,416335,419655,424155,428790,433081,438304,441315,442186,444800,448880,453364,459537,464545,468023,469003,473225,477697,483369,488934,494187,497672,499499,503700,510219,516188,520218,522331,523548,524658,529653,536044,542909,546884,549302,550672,552104,556692,566207,571657,579469,587868,592311,595007,602833,611152,619846,628966,636797,643609,646091,651956,659385,668216,677809,686682,690853,693550,699257,707649,715967,721967,729968,734486,736265,740972,746919,756971,762412,767061,774111,776215,780187,786653,793157
Rio de Janeiro,RJ,0,0,0,0,0,0,0,0,1,1,2,3,8,8,13,16,16,22,24,31,33,45,65,109,119,186,233,305,370,421,493,558,600,657,708,832,992,1074,1246,1394,1461,1688,1938,2216,2464,2607,2855,3231,3410,3743,3944,4349,4543,4765,4899,5306,5552,6172,6282,6828,7111,7944,8504,8869,9453,10166,10546,11139,11721,12391,13295,14156,15741,16929,17062,17939,18486,18728,19467,19987,21601,22238,26665,27805,30372,32089,33589,34533,37912,39298,40024,42398,44886,47953,52420,53388,54530,56732,59240,60932,63066,64533,67756,69499,72979,74373,75775,77784,78836,79572,80946,83343,86963,87317,93378,95537,96133,97572,100869,103493,105897,108497,108803,111298,111883,112611,115278,116823,118956,120440,121292,121879,124086,126329,128324,129443,129675,129684,132044,132822,134449,134573,135230,135230,138524,141005,145121,148623,151549,154879,156293,156325,157834,159639,161647,163642,165495,167213,167225,168064,168911,172679,174064,175696,178524,178850,180016,182563,185610,188085,189891,190614,194279,194651,199480,202993,205916,207036,210464,210948,211360,214003,216675,219198,219198,222957,223302,223631,226800,228332,230271,232489,232747,232818,233052,233373,233873,234813,240453,240776,242491,242810,244418,246182,246843,249798,251261,251909,252046,253756,254885,257985,259488,259670,261860,262006,263699,264783,266235,270395,271575,271701,273338,275415,277439,280144,282080,283407,283675,283858,284053,285205,286282,289440,289569,290878,291413,292621,293940,295021,296797,298823,299380,302746,304904,306672,308017,309496,309977,311014,311308,313089,313089,313843,314809,315348,316170,316575,318953,320598,322383,323006,326645,326956,327455,330009,332396,334514,336915,337277,338203,338688,340833,343995,346024,347348,352760,353316,354354,357982,361397,365185,367641,370267,371075,371376,374753,378084,381644,384942,388431,389125,389893,391350,395386,398879,402480,403660,406820,407575,411369,414344,418543,419146,420075,421069,421674,426259,428373,434648,435390,435604,435739,439345,443607,448089,452758,454275,459866,460927,461561,465150,469437,473648,477044,481111,482058,482431,486806,490821,494127,494796,500185,501202,501436,505596,509113,512791,516868,520730,520967,522998,526276,529525,532377,535134,537824,537986,540087,541096,547081,549114
São Paulo,SP,1,1,1,2,2,2,2,3,6,10,13,16,16,19,30,42,56,65,136,152,164,240,286,396,459,631,745,810,862,1052,1223,1406,1451,1517,2339,2981,3506,4048,4466,4620,4866,5682,6708,7480,8216,8419,8755,8895,9371,11043,11568,12841,13894,14267,14580,15385,15914,16740,17826,20004,20715,21696,24041,26158,28698,30374,31174,31772,32187,34053,37853,39928,41830,44411,45444,46131,47719,51097,54286,58378,61183,62345,63066,65995,69859,73739,76871,80558,82161,83625,86017,89483,95865,101556,107142,109698,111296,118295,123483,129200,134565,140549,143073,144593,150138,156316,162520,167900,172875,178202,181460,190285,191517,192628,211658,215793,219185,221973,229475,238822,248587,258508,265581,271737,275145,281380,289935,302179,310702,312530,320179,323070,332708,341365,349715,359110,366890,371997,374607,386607,393176,402048,407415,412027,415049,416434,422669,439446,452007,463218,479481,483982,487654,487654,514197,529006,542304,552318,558685,560218,575589,585265,598670,608379,621731,627126,628415,639562,655181,674455,686122,697530,699493,702665,711530,721377,730828,735960,749244,754129,756480,765670,776135,784453,796209,801422,803404,804342,814375,826331,837978,845016,853085,855722,857330,858783,866576,874754,882809,890690,892257,893349,901271,909428,916821,924532,931673,935300,937332,945422,951973,958240,964921,970888,972237,973142,979519,985628,991725,997333,1003429,1003902,1004579,1010839,1016755,1022404,1028190,1034816,1037660,1038344,1039029,1045060,1051613,1057240,1062634,1063602,1064039,1068962,1073261,1076939,1083641,1089255,1091980,1092843,1098207,1103582,1108860,1113788,1116127,1117147,1117795,1118544,1123299,1125936,1125936,1125936,1125936,1125936,1125936,1150872,1156652,1162782,1167422,1168640,1169377,1178075,1184496,1191290,1200348,1205435,1209588,1210625,1215844,1224744,1229267,1233587,1238094,1240473,1241653,1250590,1259704,1267912,1276149,1285087,1287762,1288878,1296801,1306585,1316371,1325162,1333763,1334703,1337016,1341428,1341428,1361731,1371653,1384100,1384100,1388043,1398757,1409140,1418491,1422087,1423340,1426176,1427752,1440229,1452078,1462297,1466191,1467953,1471422,1473670,1486551,1501085,1515158,1528952,1540513,1546132,1549142,1561844,1577119,1590829,1605845,1619619,1625339,1628272,1644225,1658636,1670754,1679759,1694355,1699427,1702294,1715253,1731294,1746070,1759957,1773024,1777368,1779722,1794019,1807009,1820941,1833163,1845086,1849334,1851776,1864977,1878802,1889969
Sudeste,(SE),1,1,1,2,2,2,2,3,7,12,16,21,26,29,45,60,75,90,163,189,205,309,391,553,642,926,1135,1278,1404,1665,1952,2222,2342,2507,3406,4223,4988,5658,6295,6678,7046,8138,9487,10624,11678,12125,12799,13371,14128,16246,17224,19067,20466,21285,21836,23133,24062,25583,26908,29908,31077,33022,36068,38892,42443,45137,46728,48115,49481,52298,57321,60692,64756,68875,70342,72209,74727,78959,83516,88759,93853,95938,101583,106470,113609,120302,125975,131347,136748,140250,144446,151376,161640,171644,182629,187240,190565,201117,210854,220060,229735,238971,246151,250634,261183,271534,280972,291047,298257,305596,311715,324604,332268,336522,364230,372851,377817,384247,397068,412139,427499,447548,457002,469459,475989,485885,501618,519949,534698,541751,553147,559122,574389,590266,604912,619995,632614,640331,647352,663285,675987,689209,699377,708263,717154,723274,735957,760498,780732,800763,822465,830078,837243,843402,875807,897948,918197,933330,942949,947240,966437,984847,1004105,1021321,1042124,1051694,1056575,1073152,1097029,1124404,1142547,1158423,1167754,1173890,1190671,1208618,1225843,1236530,1256828,1265583,1270253,1285600,1302692,1318255,1334365,1346969,1352107,1355791,1371935,1389536,1406995,1420218,1432882,1438849,1442187,1445397,1456234,1470238,1488224,1501010,1506559,1510407,1522211,1535913,1548136,1562787,1574663,1581553,1585670,1598278,1609778,1622454,1636153,1645618,1651908,1655081,1666145,1677070,1688917,1702835,1714275,1717098,1721329,1732228,1743816,1754919,1766459,1777805,1783204,1785924,1788337,1797699,1808276,1821206,1830119,1834578,1837514,1845923,1855020,1863017,1874775,1884738,1890464,1896286,1906287,1916569,1926106,1935310,1940784,1944145,1946614,1950437,1957496,1964133,1967938,1971101,1974479,1976504,1981889,2011699,2022425,2033224,2044128,2048406,2051372,2066435,2078787,2091313,2107276,2115732,2122833,2126724,2137311,2155024,2166804,2177084,2190424,2197965,2202213,2220025,2239080,2257142,2273788,2292348,2300365,2304321,2320646,2340250,2359631,2380225,2398731,2404155,2409036,2422717,2435051,2467007,2488066,2509192,2517333,2525397,2546383,2568085,2587604,2598407,2604123,2609825,2615357,2640198,2663278,2688086,2697725,2703086,2709476,2718234,2742347,2771288,2798372,2823532,2850360,2862853,2871023,2897150,2926796,2955236,2984812,3011997,3026510,3033967,3061946,3088909,3115007,3136213,3166063,3177123,3184376,3208374,3237552,3265437,3291061,3316752,3326907,3334168,3357809,3381063,3409365,3431333,3451805,3464272,3471619,3490947,3518801,3540033
Paraná,PR,0,0,0,0,0,0,0,0,0,0,0,0,0,0,0,6,6,6,6,6,6,13,23,32,43,50,56,65,81,102,119,133,148,155,179,224,252,301,395,438,458,503,539,609,643,676,738,756,791,803,832,874,945,987,1007,1024,1063,1082,1119,1140,1156,1186,1271,1348,1407,1447,1492,1514,1562,1588,1627,1656,1711,1785,1835,1849,1906,1996,2063,2139,2242,2286,2360,2481,2616,2810,2939,3099,3212,3331,3512,3712,3984,4236,4473,4687,4835,5163,5494,5820,6348,6605,6897,7031,7314,7831,8457,8705,9233,9583,9716,10557,11085,11919,12785,13662,14501,15124,15853,16963,17821,18672,19819,20742,21326,22877,24225,26304,28166,30570,31459,32769,34308,35715,37424,39512,40797,42537,43582,45363,47124,49405,51321,53553,54629,55909,57538,59927,62004,64259,65593,67220,68001,69392,70920,73488,76112,77930,79605,80865,82718,85317,87269,88899,88899,89966,94124,95943,97785,99667,101844,103771,105104,106379,108237,109896,112245,114588,116848,117959,119004,120537,122241,124074,126964,128967,130603,131906,133574,135609,137865,139780,141648,143074,143853,145257,146333,148333,150668,152913,154171,154820,155820,157330,159799,161922,163479,164888,165494,167678,168923,170508,171932,174011,175143,175982,177298,178898,180805,182203,183715,184476,184806,186159,187729,188199,189603,191135,192143,193974,194692,195605,196616,197941,198744,199524,200664,201877,203050,204326,205481,206822,207549,208251,209541,210901,211861,212730,213482,214210,214450,215234,216266,217175,218816,220408,221208,222831,222831,225624,227823,227823,238314,239107,240783,243115,246169,248853,250898,254487,255698,257438,261018,264838,269258,272984,276185,277707,280084,285323,288546,293969,297411,300271,301510,304220,308811,313880,317861,322920,327299,329782,332158,339695,359892,366281,370775,374349,376009,378291,384393,387686,397479,399065,400288,401860,404695,408731,412627,416566,418323,419615,421315,423041,427789,430873,463309,463309,471639,473279,474949,486349,486843,492654,497505,501036,502599,503712,508570,512337,515464,519042,522169,523990,525860,532689,535961,540452,543568,547430,549333,551985,556304,558770,562057,564903,568350,569911,571355,575284,577734,581195
Rio Grande do Sul,RS,0,0,0,0,0,0,0,0,0,0,0,0,0,1,2,4,4,6,6,6,10,19,28,37,60,72,86,98,123,168,195,197,226,241,274,306,334,396,410,418,481,508,555,618,636,640,653,664,700,747,780,802,831,854,889,904,923,994,1061,1096,1166,1228,1286,1368,1466,1529,1619,1666,1711,1815,2050,2129,2447,2493,2542,2576,2917,2917,2997,3597,3695,3735,3735,3750,4973,5473,5918,6336,6470,6559,6785,7048,8234,8234,9242,9332,9332,9919,10398,11010,11583,12037,12135,12250,12802,13619,14168,14384,14627,14661,15438,16471,17128,17822,18587,19138,19348,19710,20864,22009,23060,24114,25000,25243,25659,26941,28171,29195,30371,31619,31955,32401,33800,35557,36434,37490,38720,39240,39656,40993,42239,45344,46710,46847,47113,47449,49840,53073,54841,57007,59118,59779,60044,62347,64496,66473,66692,70456,71040,71479,73618,76563,78837,79026,83595,83991,84034,87415,90049,92560,95142,97445,97877,98007,101217,103891,104068,104335,108839,109873,109953,112763,115984,118315,120739,124416,124482,125813,127799,131461,134610,137217,143485,143914,143952,144502,147576,151392,153475,156264,156903,157907,160940,164373,167781,170749,174140,174777,175349,177485,179436,181217,183115,185119,185516,185778,188253,190572,197186,200427,202587,202719,203497,205375,207706,209623,211773,213782,214158,214584,214970,216932,218835,220563,222692,223016,224020,225694,227463,228762,230944,234076,234076,235673,238396,240694,243402,243402,247576,248482,249437,250064,253272,254828,257785,260188,260898,261656,264576,267750,271340,274411,277519,278707,279872,283351,287204,289923,293221,296904,297827,298670,301766,306335,308647,311123,318936,320778,322058,326425,331279,337003,342035,346801,349035,350569,354683,359544,363979,369142,372699,376590,378893,382251,388704,394816,400537,405598,407755,409794,416000,416098,426531,428633,430780,431603,432241,438458,444212,449674,451912,452920,454757,455326,460609,465337,470138,474917,478501,480480,482062,485757,490980,495585,500792,505021,506885,508058,512343,516288,520313,523367,527182,528045,528950,532944,536746,540157,543499,546708,547282,548062,551317,554353,557125,560540,563706,564216,564709,568416,574012,577345
Santa Catarina,SC,0,0,0,0,0,0,0,0,0,0,0,0,0,0,0,0,2,4,6,7,7,10,20,21,51,57,68,107,109,122,149,184,194,197,219,235,247,281,334,357,379,417,457,501,693,732,768,777,826,853,884,926,962,975,1025,1063,1091,1115,1170,1209,1235,1337,1476,1995,2085,2104,2346,2346,2519,2623,2917,3082,3205,3372,3429,3529,3733,3828,4332,4562,4678,4776,5175,5413,5499,5610,6458,6607,6696,6875,7016,7372,8000,8530,8778,9037,9498,9660,10034,10532,10846,11285,11565,11565,12192,12594,12953,13165,13296,13360,13960,14402,15015,15573,16322,17108,17582,17937,19244,20921,21951,22947,23808,24364,25056,26354,27279,28575,30261,31931,32969,33822,35342,36810,38408,40106,42026,43031,43815,46050,47976,49781,51549,52531,53336,54414,56475,59556,62282,65017,67333,68730,70138,73771,77001,80904,84073,86922,87982,88889,92157,95410,98634,101582,104749,105935,106928,109522,112401,115032,118183,120001,120880,121666,124313,126850,129072,130349,132008,132492,133533,135690,137560,139638,141692,146404,146864,177777,180474,182522,184204,186596,188361,189028,189477,190397,192982,194176,195701,197064,197745,198640,200241,201682,202934,204166,205250,205620,206332,207692,208900,210048,211105,212091,212584,213066,214261,215478,216624,217722,218633,219218,220044,221442,222652,224103,225637,226614,227213,228008,228403,229910,231412,232933,234765,235159,236224,237781,238833,241044,243116,244978,246086,247477,249899,252551,254488,256356,258940,260057,261543,263823,266637,268644,268644,273652,274621,275655,280541,283252,284982,289787,293802,295946,297400,302578,306788,311393,317502,323390,326208,327961,332076,337009,343007,346427,355950,358997,364344,372545,378621,383577,389751,393602,396188,399691,406003,411631,416752,421044,426095,427401,432050,435547,442624,448162,453322,457335,461244,463732,468403,472199,475200,476681,478242,479947,482129,485935,489069,492583,494447,496524,497345,498910,502785,506897,511329,515209,518805,520577,522478,526024,529389,533338,537036,540342,541745,543389,546522,549579,552310,555148,557774,558975,561382,564163,567112,569676,573104,575616,576815,578550,581352,584537,587428,590449,593172,594747,595952,598737,601833,605183
Sul,(S),0,0,0,0,0,0,0,0,0,0,0,0,0,1,2,10,12,16,18,19,23,42,71,90,154,179,210,270,313,392,463,514,568,593,672,765,833,978,1139,1213,1318,1428,1551,1728,1972,2048,2159,2197,2317,2403,2496,2602,2738,2816,2921,2991,3077,3191,3350,3445,3557,3751,4033,4711,4958,5080,5457,5526,5792,6026,6594,6867,7363,7650,7806,7954,8556,8741,9392,10298,10615,10797,11270,11644,13088,13893,15315,16042,16378,16765,17313,18132,20218,21000,22493,23056,23665,24742,25926,27362,28777,29927,30597,30846,32308,34044,35578,36254,37156,37604,39114,41430,43228,45314,47694,49908,51431,52771,55961,59893,62832,65733,68627,70349,72041,76172,79675,84074,88798,94120,96383,98992,103450,108082,112266,117108,121543,124808,127053,132406,137339,144530,149580,152931,155078,157772,163853,172556,179127,186283,192044,195729,198183,205510,212417,220865,226877,235308,238627,241233,248493,257290,264740,269507,277243,279892,285086,292880,300235,307259,315169,321217,323861,326052,333767,340637,345385,349272,357695,360324,362490,368990,375785,382027,389395,399787,401949,435496,441847,449592,456679,463593,473494,476016,477282,480156,486891,493901,499844,506241,508819,511367,517001,523385,530514,536837,542869,545285,547175,552855,557259,561773,566152,571221,573243,574826,579812,584948,594615,600352,604935,606413,608347,612976,618087,621925,627013,631531,633514,636566,638065,642447,646863,651437,656201,657699,660908,665352,669346,674132,679541,685876,687711,691401,697836,704146,709751,712488,719998,722749,725430,729121,736175,740647,745245,754248,756727,760142,767948,776626,784145,792021,809635,813760,818055,829044,840161,850169,861621,874781,879733,884069,894860,908182,920912,930534,951071,957482,966486,984293,998446,1014549,1029197,1040674,1046733,1054480,1069497,1085055,1098592,1113106,1126093,1133773,1143101,1157493,1191220,1209259,1224634,1237282,1245008,1251817,1268796,1275983,1299210,1304379,1309310,1313410,1319065,1333124,1345908,1358823,1364682,1369059,1373417,1377277,1391183,1403107,1444776,1453435,1468945,1474336,1479489,1498130,1507212,1521577,1535333,1546399,1551229,1555159,1567435,1578204,1588087,1597557,1607125,1611010,1616192,1629796,1639819,1650285,1660171,1669754,1673430,1678597,1688973,1697660,1706610,1715892,1725228,1728874,1732016,1742437,1753579,1763723
Distrito Federal,DF,0,0,0,0,0,0,0,0,0,0,1,1,1,1,2,2,2,6,8,13,22,26,42,87,100,117,133,160,160,200,230,260,289,312,332,355,370,402,454,468,473,492,509,527,555,579,614,638,651,682,716,746,762,827,872,881,946,963,989,1013,1066,1146,1213,1275,1356,1466,1566,1649,1768,1818,1906,2258,2442,2576,2682,2783,2979,3192,3416,3787,4140,4368,4619,4853,5161,5542,5948,6251,6638,6930,7210,7761,8300,8722,9474,9780,10510,11256,12020,12923,14208,15850,16623,16629,18090,19433,20507,21396,21959,22871,23684,25380,27140,28521,30902,32238,33227,34148,35368,37254,38871,41326,42766,44905,47071,49218,50676,52281,53996,55760,57854,60383,62694,64314,65677,67297,68406,70712,72284,73654,75379,77621,79400,81163,82412,84287,86076,87801,90023,92414,94187,96332,98480,100726,102342,104442,106292,107922,110028,112044,113924,115966,118000,119903,121824,123057,126069,127484,129184,131170,133166,135014,136467,138735,140170,141762,143759,145452,147127,148998,150519,153690,155253,156863,158180,159526,160796,162042,163498,164649,165903,167200,168605,169617,170806,171739,172708,173631,174549,175646,176837,177921,178747,179823,180844,181919,183096,183749,184555,185349,186052,186945,187895,188608,189513,190505,191317,192245,193127,194042,194783,195413,195967,196787,197369,198192,198807,199569,200035,200412,201230,202058,202786,203576,204304,204957,205709,206265,207080,207670,208235,208761,209369,210145,210774,211442,212140,212762,213245,213456,213636,214202,214655,214955,215426,215850,216389,216861,217370,217793,218479,219012,219712,219992,220403,221031,221526,222282,222836,223378,223658,224517,225013,225873,226697,227581,228075,228702,229146,230122,230905,231426,232781,233376,233731,234376,235480,236322,237114,237945,238634,239096,240132,240869,241400,242299,243212,243834,244243,245243,245872,246397,246949,247278,247928,248543,249736,250457,251135,251701,252077,252874,253355,254310,254913,255875,256682,257355,258153,258811,259797,260797,261456,262222,262928,263756,264227,265274,265886,266506,267340,268394,269350,270171,271319,272375,273427,274601,275688,276572,277110,277907,278316,278972,279402,280026,280599,281002,281546,282071,282649,283194
Goiás,GO,0,0,0,0,0,0,0,0,0,0,0,0,0,0,0,0,3,3,3,3,6,8,12,15,20,21,23,27,29,39,49,56,58,61,65,71,73,88,103,115,119,133,158,179,191,209,229,233,284,304,318,335,378,393,403,421,438,453,486,506,573,616,661,705,781,808,825,850,861,922,1024,1027,1053,1069,1093,1100,1115,1134,1423,1572,1640,1692,1749,1846,1978,2114,2304,2377,2443,2512,2671,2843,3090,3319,3585,3702,3906,4377,4570,4944,5373,5669,5813,6124,6521,7159,7657,7846,7940,7944,10182,11264,12236,13304,14027,14880,15619,16536,17568,18622,19547,20863,21620,21984,23007,24381,25541,26263,26330,28494,28526,29296,31308,32664,33876,35138,35793,36244,36696,37832,38895,40201,40681,40795,40769,40772,43794,47284,50458,52847,54801,55914,57985,60637,63658,65269,67941,69487,70115,70252,73231,76605,79897,82807,84531,85071,86451,90226,93274,96749,99234,100938,101592,102665,105962,109253,111836,113051,115530,116664,118569,122130,124593,127361,128965,130316,130863,132506,135460,138408,140416,145250,147357,147615,147728,149290,152640,156892,160769,162554,163098,165436,170064,172747,176801,180926,182856,183815,185359,187519,192157,195418,197857,199601,199784,202754,206707,209411,212186,214768,215938,216063,217700,221141,224181,225978,227349,228538,228891,229071,230184,232444,234463,236105,236814,236814,239447,240165,241593,243243,245382,246835,247360,248361,251400,252333,253974,255123,255447,255746,256161,256800,258241,259383,260507,261114,261433,262002,263444,264887,266499,266752,267377,267603,268258,269217,269857,271258,272494,273066,273280,273771,274560,275794,276943,276943,278809,278929,279413,280378,282545,283834,284988,285953,286019,286374,287858,288819,290814,292689,292689,292689,294146,295655,296836,298552,299682,300276,300284,301226,302097,303212,304009,304185,304389,304462,305114,306975,308202,308868,309112,309194,309341,309976,311557,313439,314466,316197,317024,317322,318013,320782,323019,324917,327030,327937,328098,328848,331154,333134,334578,336362,337974,338096,339469,342308,342816,346384,349317,350349,350569,351348,353061,355325,357315,359096,360626,360776,361313,363850,366237,368174
Mato Grosso,MT,0,0,0,0,0,0,0,0,0,0,0,0,0,0,0,0,0,0,0,0,0,0,0,1,2,2,2,7,8,11,11,13,16,18,25,27,36,44,56,60,76,78,90,108,112,121,123,134,138,151,156,162,171,174,181,181,183,221,240,247,250,257,261,292,297,320,331,337,344,365,379,417,457,502,519,541,591,661,719,779,851,901,937,995,1054,1172,1220,1352,1462,1500,1628,1839,1951,2103,2361,2429,2541,2709,2848,3194,3481,3662,3878,4100,4339,4602,5092,5363,5524,5861,6185,6388,7124,7512,8353,8962,9470,10021,10659,11443,12157,13026,13805,14687,15086,15636,16621,17727,18854,20098,20891,21496,22406,23835,25264,26396,27636,28411,28792,29279,30319,31111,32971,32707,34136,35639,37077,38772,40755,42206,42935,43331,44838,46545,48317,50447,51865,52790,53363,54711,56169,58506,59841,62785,62826,63416,65198,67061,68924,70658,72269,72761,73269,74509,75877,77276,78733,80134,80938,81253,82532,84277,85709,87484,89140,89962,90337,91346,92856,94302,95430,96980,97636,97819,98206,99484,100895,102328,103929,104671,104913,106077,107486,108890,110147,111628,112242,112607,114041,115403,116700,117944,119122,119765,120030,121145,122376,123416,124370,125452,125732,126264,127065,128071,129038,130094,130860,131175,131343,131532,132260,133168,133856,134696,135082,135247,135799,136579,137426,138178,139002,139525,139655,140273,141013,141619,142304,142593,142902,143027,143241,143659,144258,144900,145568,145953,146100,146682,147265,147870,150620,151119,151354,151582,152068,152674,152968,153554,153800,154042,154126,154652,155373,156128,156712,157271,157500,157599,158133,158903,159714,160284,160967,161351,161554,162162,162923,163861,164599,165450,165871,166111,166784,167782,168826,169730,170594,171060,171314,172226,173252,174301,174866,175117,175313,175616,176362,177633,178768,179427,179704,179938,180380,181193,182707,184232,185825,187183,188098,188098,189132,191315,193054,194917,196313,197356,197916,199035,201014,202559,204031,205616,206598,206937,207851,209404,211052,212544,214346,215392,215805,216797,218475,220165,221497,222942,223770,224185,225247,226825,228005,229172
Mato Grosso do Sul,MS,0,0,0,0,0,0,0,0,0,0,0,0,0,0,0,0,0,0,0,2,4,7,7,9,16,21,21,23,24,25,28,31,36,44,48,51,53,60,62,65,66,80,85,89,97,100,101,113,115,121,131,143,161,168,171,173,175,186,213,217,234,238,240,249,255,261,266,272,274,283,288,311,326,346,362,385,405,430,452,479,508,570,613,642,693,746,805,858,924,1023,1100,1186,1262,1356,1418,1489,1568,1646,1802,1925,1997,2132,2253,2324,2455,2597,2853,3001,3235,3433,3551,3785,4164,4274,4666,4990,5237,5391,5784,6201,6523,6913,7307,7527,7676,7965,8676,9062,9388,9910,10089,10253,10687,11063,11671,12261,12969,13197,13461,13934,14631,15330,15805,16006,16403,16637,17386,18889,19671,20303,21015,21514,21802,22443,23411,24287,24936,25739,26003,26645,27678,28315,29101,29988,30707,31344,31739,32562,33509,34559,35434,36542,36836,37425,38393,39381,40201,40711,41888,42498,43065,44324,45359,46261,47152,48023,48522,48937,49820,50645,51575,52406,53328,53491,54125,54363,55345,56046,58304,58671,59077,59408,60297,60963,61794,62817,63466,63848,64033,64959,65611,66426,67196,67834,68092,68325,68963,69706,70239,70828,71476,71723,71993,72546,73027,73548,74092,74567,74675,74839,75076,75561,76001,76547,77011,77123,77490,77943,78360,78710,79120,79599,79901,80064,80538,81033,81443,81998,82344,82618,82884,83022,83439,83616,84159,84720,84930,85126,85507,85990,86428,87081,87602,87935,88111,88965,89654,90229,90765,91682,92467,92970,93747,94652,95193,95721,97605,98363,99061,100151,101102,102236,103433,104727,105223,105246,107235,108549,109785,111335,112876,113298,113981,114631,116612,118003,119079,120395,121461,122187,123529,125181,126583,127874,128164,129261,129484,130850,132431,133761,134750,135361,135917,136250,137570,139152,140463,141649,142765,143596,144051,145048,146143,147249,148415,149731,150498,150944,152026,153057,154121,155010,155972,156459,156711,157758,158340,159131,159881,160623,161021,161371,162220,163003,163692,164314,165141,165553,165903,166940,167786,168608
Centro-Oeste,(CO),0,0,0,0,0,0,0,0,0,0,1,1,1,1,2,2,5,9,11,18,32,41,61,112,138,161,179,217,221,275,318,360,399,435,470,504,532,594,675,708,734,783,842,903,955,1009,1067,1118,1188,1258,1321,1386,1472,1562,1627,1656,1742,1823,1928,1983,2123,2257,2375,2521,2689,2855,2988,3108,3247,3388,3597,4013,4278,4493,4656,4809,5090,5417,6010,6617,7139,7531,7918,8336,8886,9574,10277,10838,11467,11965,12609,13629,14603,15500,16838,17400,18525,19988,21240,22986,25059,27313,28567,29177,31405,33791,36109,37606,38658,40109,43602,46817,50664,53611,57948,61070,63553,66096,69379,73520,77098,82128,85498,89103,92840,97200,101514,105333,108568,114262,117360,121428,127095,131876,136488,141092,144804,148564,151233,154699,159224,164263,168857,170671,173720,177335,184333,192746,200907,207770,212938,217091,223105,230351,237728,244445,251034,255938,259509,263652,271002,279392,286839,295483,299888,302888,309457,317333,324891,333136,340103,345255,348164,353334,360402,367672,374529,379348,385483,389413,394685,404421,410914,417969,423437,427827,430518,434831,441634,448004,453324,461836,466926,468542,470865,474876,481588,488897,497551,501542,503925,508842,516594,522423,529586,537290,541660,544019,547988,553230,560520,566733,572070,575808,577419,582729,589363,594778,599922,605090,607929,609463,612725,618545,623615,627812,631108,633849,634944,635854,638750,643231,647106,650924,653211,654141,658445,660952,664459,667801,671739,674720,676285,678843,683725,686427,689861,692476,693938,694847,695922,697683,700593,702854,705660,707637,708852,710671,713586,716540,722026,723964,726045,727112,728840,731887,734005,737323,739895,742168,743531,745910,748693,752447,755545,757516,761989,763593,765753,769554,774266,777780,782169,785407,786527,788158,793496,797551,802312,807419,810070,811194,815043,818937,823674,828584,832567,835565,837302,840882,844750,849091,852407,854454,855794,857882,860696,865915,870536,873757,875643,877367,878993,881729,886747,892698,897436,902384,906040,907827,910993,917942,923672,929305,934686,938780,940739,944101,950080,955256,960070,965382,969894,971663,975350,981845,985635,992660,999232,1002936,1004505,1007423,1012072,1017465,1021906,1026378,1030136,1031516,1034009,1039686,1044677,1049148