,Brasil,Acre,Amapá,Amazonas,Pará,Rondônia,Roraima,Tocantins,Norte,Alagoas,Bahia,Ceará,Maranhão,Paraíba,Pernambuco,Piauí,Rio Grande do Norte,Sergipe,Nordeste,Espirito Santo,Minas Gerais,Rio de Janeiro,São Paulo,Sudeste,Paraná,Rio Grande do Sul,Santa Catarina,Sul,Distrito Federal,Goiás,Mato Grosso,Mato Grosso do Sul,Centro-Oeste
,BR,AC,AP,AM,PA,RO,RR,TO,(N),AL,BA,CE,MA,PB,PE,PI,RN,SE,(NE),ES,MG,RJ,SP,(SE),PR,RS,SC,(S),DF,GO,MT,MS,(CO)
26/2,1,0,0,0,0,0,0,0,0,0,0,0,0,0,0,0,0,0,0,0,0,0,1,1,0,0,0,0,0,0,0,0,0
27/2,1,0,0,0,0,0,0,0,0,0,0,0,0,0,0,0,0,0,0,0,0,0,1,1,0,0,0,0,0,0,0,0,0
28/2,1,0,0,0,0,0,0,0,0,0,0,0,0,0,0,0,0,0,0,0,0,0,1,1,0,0,0,0,0,0,0,0,0
29/2,2,0,0,0,0,0,0,0,0,0,0,0,0,0,0,0,0,0,0,0,0,0,2,2,0,0,0,0,0,0,0,0,0
1/3,2,0,0,0,0,0,0,0,0,0,0,0,0,0,0,0,0,0,0,0,0,0,2,2,0,0,0,0,0,0,0,0,0
2/3,2,0,0,0,0,0,0,0,0,0,0,0,0,0,0,0,0,0,0,0,0,0,2,2,0,0,0,0,0,0,0,0,0
3/3,2,0,0,0,0,0,0,0,0,0,0,0,0,0,0,0,0,0,0,0,0,0,2,2,0,0,0,0,0,0,0,0,0
4/3,3,0,0,0,0,0,0,0,0,0,0,0,0,0,0,0,0,0,0,0,0,0,3,3,0,0,0,0,0,0,0,0,0
5/3,7,0,0,0,0,0,0,0,0,0,0,0,0,0,0,0,0,0,0,0,0,1,6,7,0,0,0,0,0,0,0,0,0
6/3,13,0,0,0,0,0,0,0,0,0,1,0,0,0,0,0,0,0,1,1,0,1,10,12,0,0,0,0,0,0,0,0,0
7/3,19,0,0,0,0,0,0,0,0,0,2,0,0,0,0,0,0,0,2,1,0,2,13,16,0,0,0,0,1,0,0,0,1
8/3,25,0,0,0,0,0,0,0,0,1,2,0,0,0,0,0,0,0,3,1,1,3,16,21,0,0,0,0,1,0,0,0,1
9/3,30,0,0,0,0,0,0,0,0,1,2,0,0,0,0,0,0,0,3,1,1,8,16,26,0,0,0,0,1,0,0,0,1
10/3,34,0,0,0,0,0,0,0,0,1,2,0,0,0,0,0,0,0,3,1,1,8,19,29,0,1,0,1,1,0,0,0,1
11/3,52,0,0,0,0,0,0,0,0,1,2,0,0,0,0,0,0,0,3,1,1,13,30,45,0,2,0,2,2,0,0,0,2
12/3,77,0,0,0,0,0,0,0,0,1,2,0,0,0,2,0,0,0,5,1,1,16,42,60,6,4,0,10,2,0,0,0,2
13/3,98,0,0,0,0,0,0,0,0,1,2,0,0,0,2,0,1,0,6,1,2,16,56,75,6,4,2,12,2,3,0,0,5
14/3,121,0,0,0,0,0,0,0,0,1,2,0,0,0,2,0,1,0,6,1,2,22,65,90,6,6,4,16,6,3,0,0,9
15/3,200,0,0,1,0,0,0,0,1,1,2,0,0,0,2,0,1,1,7,1,2,24,136,163,6,6,6,18,8,3,0,0,11
16/3,234,0,0,1,0,0,0,0,1,1,2,0,0,0,2,0,1,1,7,1,5,31,152,189,6,6,7,19,13,3,0,2,18
17/3,291,0,0,1,0,0,0,0,1,1,3,5,0,0,16,0,1,4,30,1,7,33,164,205,6,10,7,23,22,6,0,4,32
18/3,428,0,0,1,0,0,0,0,1,1,3,9,0,0,16,0,1,5,35,9,15,45,240,309,13,19,10,42,26,8,0,7,41
19/3,621,3,0,3,1,0,0,1,8,4,30,20,0,1,28,0,1,6,90,11,29,65,286,391,23,28,20,71,42,12,0,7,61
20/3,904,7,1,3,2,1,0,1,15,5,33,55,0,1,30,3,1,6,134,13,35,109,396,553,32,37,21,90,87,15,1,9,112
21/3,1128,9,1,11,2,1,0,2,26,7,41,68,1,1,30,4,6,10,168,26,38,119,459,642,43,60,51,154,100,20,2,16,138
22/3,1546,11,1,26,4,3,2,2,49,7,49,112,2,1,37,4,9,10,231,26,83,186,631,926,50,72,57,179,117,21,2,21,161
23/3,1891,11,1,32,5,3,2,5,59,7,63,163,2,2,42,6,13,10,308,29,128,233,745,1135,56,86,68,210,133,23,2,21,179
24/3,2201,17,1,47,5,3,2,7,82,9,76,182,8,3,42,6,13,15,354,33,130,305,810,1278,65,98,107,270,160,27,7,23,217
25/3,2433,23,1,54,7,5,8,7,105,11,84,200,8,3,46,8,14,16,390,39,133,370,862,1404,81,123,109,313,160,29,8,24,221
26/3,2915,24,2,67,13,5,8,7,126,11,104,235,10,5,48,9,19,16,457,39,153,421,1052,1665,102,168,122,392,200,39,11,25,275
27/3,3417,25,2,81,13,6,10,8,145,11,115,282,13,9,56,9,28,16,539,47,189,493,1223,1952,119,195,149,463,230,49,11,28,318
28/3,3904,25,4,111,17,6,12,9,184,14,128,314,14,14,68,11,45,16,624,53,205,558,1406,2222,133,197,184,514,260,56,13,31,360
29/3,4256,34,4,140,18,6,16,9,227,17,154,348,16,14,73,14,68,16,720,60,231,600,1451,2342,148,226,194,568,289,58,16,36,399
30/3,4579,42,8,151,21,6,16,10,254,17,176,372,23,15,78,16,77,16,790,72,261,657,1517,2507,155,241,197,593,312,61,18,44,435
31/3,5717,42,10,175,32,8,16,11,294,18,213,390,31,17,87,18,82,19,875,84,275,708,2339,3406,179,274,219,672,332,65,25,48,470
1/4,6836,43,11,200,40,9,22,12,337,18,246,444,54,20,95,18,92,20,1007,96,314,832,2981,4223,224,306,235,765,355,71,27,51,504
2/4,7910,43,11,229,46,10,26,12,377,18,267,550,71,21,106,19,105,23,1180,120,370,992,3506,4988,252,334,247,833,370,73,36,53,532
3/4,9056,46,19,260,50,10,30,12,427,22,282,627,81,29,136,21,176,25,1399,139,397,1074,4048,5658,301,396,281,978,402,88,44,60,594
4/4,10278,46,28,311,80,11,37,14,527,23,332,730,88,32,176,22,212,27,1642,153,430,1246,4466,6295,395,410,334,1139,454,103,56,62,675
5/4,11130,48,29,417,86,12,42,17,651,28,401,823,96,34,201,23,242,32,1880,166,498,1394,4620,6678,438,418,357,1213,468,115,60,65,708
6/4,12056,50,34,532,102,14,42,17,791,31,431,1013,133,35,223,23,246,32,2167,194,525,1461,4866,7046,458,481,379,1318,473,119,76,66,734
7/4,13717,50,48,636,138,18,42,19,951,32,456,1051,172,36,352,28,254,36,2417,209,559,1688,5682,8138,503,508,417,1428,492,133,78,80,783
8/4,15927,54,107,804,167,18,49,23,1222,37,497,1291,230,41,401,31,261,36,2825,227,614,1938,6708,9487,539,555,457,1551,509,158,90,85,842
9/4,17857,62,128,899,168,28,52,23,1360,37,559,1425,273,55,555,38,261,39,3242,273,655,2216,7480,10624,609,618,501,1728,527,179,108,89,903
10/4,19638,70,166,981,170,32,63,23,1505,45,604,1478,293,79,684,40,263,42,3528,300,698,2464,8216,11678,643,636,693,1972,555,191,112,97,955
11/4,20727,72,193,1050,217,33,75,23,1663,48,635,1582,344,85,816,41,289,42,3882,349,750,2607,8419,12125,676,640,732,2048,579,209,121,100,1009
12/4,22169,77,230,1206,246,35,79,25,1898,48,673,1676,398,101,960,44,302,44,4246,383,806,2855,8755,12799,738,653,768,2159,614,229,123,101,1067
13/4,23430,90,242,1275,270,42,83,26,2028,50,723,1800,445,111,1154,50,339,44,4716,430,815,3231,8895,13371,756,664,777,2197,638,233,134,113,1118
14/4,25262,99,307,1484,323,64,113,26,2416,72,759,2005,478,136,1284,58,376,45,5213,463,884,3410,9371,14128,791,700,826,2317,651,284,138,115,1188
15/4,28320,101,334,1554,384,69,114,26,2582,82,807,2157,630,151,1484,75,399,46,5831,557,903,3743,11043,16246,803,747,853,2403,682,304,151,121,1258
16/4,30425,110,362,1719,438,76,142,29,2876,89,951,2386,695,165,1683,91,400,48,6508,754,958,3944,11568,17224,832,780,884,2496,716,318,156,131,1321
17/4,33682,135,370,1809,557,92,164,31,3158,110,1059,2684,797,195,2006,102,463,53,7469,856,1021,4349,12841,19067,874,802,926,2602,746,335,162,143,1386
18/4,36599,142,393,1897,640,110,201,33,3416,132,1193,3034,1040,205,2193,123,516,71,8507,952,1077,4543,13894,20466,945,831,962,2738,762,378,171,161,1472
19/4,38654,163,416,2044,685,128,222,33,3691,159,1230,3252,1205,236,2459,145,531,83,9300,1099,1154,4765,14267,21285,987,854,975,2816,827,393,174,168,1562
20/4,40581,176,433,2160,902,160,244,34,4109,171,1341,3482,1320,245,2690,158,595,86,10088,1168,1189,4899,14580,21836,1007,889,1025,2921,872,403,181,171,1627
21/4,43079,195,457,2270,1026,199,247,37,4431,210,1489,3716,1396,263,2908,186,608,92,10868,1212,1230,5306,15385,23133,1024,904,1063,2991,881,421,181,173,1656
22/4,45757,214,479,2479,1195,223,280,37,4907,243,1644,3910,1604,301,3298,206,646,117,11969,1313,1283,5552,15914,24062,1063,923,1091,3077,946,438,183,175,1742
23/4,49492,227,548,2888,1267,250,297,37,5514,324,1789,4598,1757,345,3519,217,708,124,13381,1363,1308,6172,16740,25583,1082,994,1115,3191,963,453,221,186,1823
24/4,52995,234,633,3194,1446,290,304,43,6144,413,1962,4800,1951,386,3999,256,754,144,14665,1381,1419,6282,17826,26908,1119,1061,1170,3350,989,486,240,213,1928
25/4,58509,258,685,3635,1579,328,345,50,6880,501,2081,5421,2105,447,4507,297,781,153,16293,1595,1481,6828,20004,29908,1140,1096,1209,3445,1013,506,247,217,1983
26/4,61888,279,798,3833,1867,364,401,58,7600,554,2209,5833,2223,499,4898,331,825,159,17531,1703,1548,7111,20715,31077,1156,1166,1235,3557,1066,573,250,234,2123
27/4,66501,279,842,3928,2128,393,407,67,8044,643,2354,6726,2410,543,5358,364,832,197,19427,1796,1586,7944,21696,33022,1186,1228,1337,3751,1146,616,257,238,2257
28/4,71886,311,918,4337,2262,413,425,79,8745,777,2540,6918,2528,633,5724,408,857,280,20665,1874,1649,8504,24041,36068,1271,1286,1476,4033,1213,661,261,240,2375
29/4,78162,354,1016,4801,2422,433,452,116,9594,957,2646,7267,2804,699,6194,454,1086,337,22444,2107,1758,8869,26158,38892,1348,1368,1995,4711,1275,705,292,249,2521
30/4,85380,404,1080,5254,2876,502,519,137,10772,1044,2851,7606,3190,814,6876,513,1177,447,24518,2465,1827,9453,28698,42443,1407,1466,2085,4958,1356,781,297,255,2689
1/5,91299,486,1121,5723,3176,585,602,164,11857,1226,3085,7879,3506,926,7334,600,1297,517,26370,2662,1935,10166,30374,45137,1447,1529,2104,5080,1466,808,320,261,2855
2/5,96559,553,1187,6062,3460,653,668,191,12774,1372,3315,8309,3805,1034,8145,665,1366,601,28612,2985,2023,10546,31174,46728,1492,1619,2346,5457,1566,825,331,266,2988
3/5,101147,657,1482,6683,3863,705,740,246,14376,1441,3495,8370,4040,1169,8643,742,1392,730,30022,3086,2118,11139,31772,48115,1514,1666,2346,5526,1649,850,337,272,3108
4/5,107780,733,1733,7242,4125,756,806,267,15662,1538,3734,11040,4227,1219,8863,784,1421,772,33598,3226,2347,11721,32187,49481,1562,1711,2519,5792,1768,861,344,274,3247
5/5,114715,817,1931,8109,4472,861,869,303,17362,1606,4040,11470,4530,1361,9325,875,1536,898,35641,3402,2452,12391,34053,52298,1588,1815,2623,6026,1818,922,365,283,3388
6/5,125218,943,2046,9243,5017,943,932,351,19475,1703,4301,12304,5028,1493,9881,949,1574,998,38231,3568,2605,13295,37853,57321,1627,2050,2917,6594,1906,1024,379,288,3597
7/5,135106,1014,2199,10099,5524,1098,1020,423,21377,1867,4528,13888,5389,1657,10824,1051,1739,1214,42157,3838,2770,14156,39928,60692,1656,2129,3082,6867,2258,1027,417,311,4013
8/5,145328,1177,2322,10727,6141,1222,1124,494,23207,2033,4818,14956,5909,2031,11587,1131,1821,1438,45724,4242,2943,15741,41830,64756,1711,2447,3205,7363,2442,1053,457,326,4278
9/5,155939,1335,2493,11925,6775,1263,1202,572,25565,2172,5174,15879,6765,2156,12470,1233,1919,1588,49356,4412,3123,16929,44411,68875,1785,2493,3372,7650,2576,1069,502,346,4493
10/5,162699,1447,2613,12599,7256,1302,1290,688,27195,2258,5558,16692,7599,2341,13275,1278,1928,1771,52700,4599,3237,17062,45444,70342,1835,2542,3429,7806,2682,1093,519,362,4656
11/5,168331,1460,2671,12919,7563,1396,1295,747,28051,2343,5808,17599,8144,2525,13768,1332,1989,1800,55308,4819,3320,17939,46131,72209,1849,2576,3529,7954,2783,1100,541,385,4809
12/5,177589,1590,2910,14168,8616,1460,1328,828,30900,2580,6204,18412,8526,2777,14309,1443,2033,2032,58316,5087,3435,18486,47719,74727,1906,2917,3733,8556,2979,1115,591,405,5090
13/5,188974,1694,3005,15816,9618,1612,1411,932,34088,2761,6547,19156,9112,3045,14901,1612,2367,2268,61769,5401,3733,18728,51097,78959,1996,2917,3828,8741,3192,1134,661,430,5417
14/5,202918,1740,3428,17181,10867,1686,1500,1029,37431,2972,6955,21077,9801,3361,15588,1784,2537,2494,66569,5813,3950,19467,54286,83516,2063,2997,4332,9392,3416,1423,719,452,6010
15/5,218223,1785,3630,18392,12109,1789,1589,1179,40473,3212,8128,22490,10739,3739,16209,1905,2786,2868,72076,6198,4196,19987,58378,88759,2139,3597,4562,10298,3787,1572,779,479,6617
16/5,233142,1867,3834,19677,13184,1919,1706,1279,43466,3593,8314,23795,11592,4063,18488,2085,3004,3135,78069,6595,4474,21601,61183,93853,2242,3695,4678,10615,4140,1640,851,508,7139
17/5,241080,1997,3952,20328,13864,1963,1791,1382,45277,3816,8443,24255,12492,4347,19452,2252,3137,3343,81537,6744,4611,22238,62345,95938,2286,3735,4776,10797,4368,1692,901,570,7531
18/5,254220,2234,4023,20913,14734,2043,1876,1496,47319,4031,8581,26363,13238,4786,20094,2287,3184,3566,86130,7157,4695,26665,63066,101583,2360,3735,5175,11270,4619,1749,937,613,7918
19/5,271628,2482,4310,22132,16295,2257,1985,1646,51107,4316,11013,28112,14198,5300,21242,2440,3483,3967,94071,7693,4977,27805,65995,106470,2481,3750,5413,11644,4853,1846,995,642,8336
20/5,291579,2817,4549,23704,18135,2499,2067,1809,55580,4437,11197,30560,15114,5838,22560,2637,3796,4277,100416,8092,5286,30372,69859,113609,2616,4973,5499,13088,5161,1978,1054,693,8886
21/5,310087,3103,5188,25367,19756,2659,2146,1976,60195,4916,11941,31413,16058,6238,23911,2852,4060,4734,106123,8878,5596,32089,73739,120302,2810,5473,5610,13893,5542,2114,1172,746,9574
22/5,330890,3343,5655,27038,21469,2774,2306,2205,64790,5302,12557,34573,17212,6882,25760,3074,4251,4922,114533,9520,5995,33589,76871,125975,2939,5918,6458,15315,5948,2304,1220,805,10277
23/5,347398,3867,6091,28802,22697,3109,2374,2430,69370,5630,13000,35122,18767,7508,26786,3258,4599,5131,119801,9918,6338,34533,80558,131347,3099,6336,6607,16042,6251,2377,1352,858,10838
24/5,363211,4160,6353,29867,24125,3201,2439,2591,72736,6214,13899,35595,21191,7823,27759,3390,4697,5314,125882,10007,6668,37912,82161,136748,3212,6470,6696,16378,6638,2443,1462,924,11467
25/5,374898,4501,6584,30282,26077,3268,2514,2696,75922,6682,14204,36185,22786,8016,28366,3550,4759,5448,129996,10365,6962,39298,83625,140250,3331,6559,6875,16765,6930,2512,1500,1023,11965
26/5,391222,4781,6967,31949,28600,3493,2583,2858,81231,7058,14566,37021,24278,8919,28854,3720,5472,5735,135623,10889,7516,40024,86017,144446,3512,6785,7016,17313,7210,2671,1628,1100,12609
27/5,411821,5251,7619,33508,31033,3862,2682,3023,86978,7580,15070,37275,26145,10209,29919,3966,5630,5912,141706,11484,8011,42398,89483,151376,3712,7048,7372,18132,7761,2843,1839,1186,13629
28/5,438238,5600,8152,36146,33699,4252,2959,3277,94085,8055,15963,37821,27979,11132,30713,4243,5630,6156,147692,12203,8686,44886,95865,161640,3984,8234,8000,20218,8300,3090,1951,1262,14603
29/5,465166,5841,8469,38909,36486,4502,3098,3611,100916,8618,16917,38395,30482,12011,32255,4503,6463,6462,156106,12903,9232,47953,101556,171644,4236,8234,8530,21000,8722,3319,2103,1356,15500
30/5,498440,6072,9313,40560,37296,4743,3299,3981,105264,9223,17626,46506,32620,12862,33427,4745,7402,6805,171216,13437,9630,52420,107142,182629,4473,9242,8778,22493,9474,3585,2361,1418,16838
31/5,514849,6219,9602,41378,37961,4942,3474,4176,107752,10288,18392,48489,34639,13162,34450,4931,8051,6999,179401,13690,10464,53388,109698,187240,4687,9332,9037,23056,9780,3702,2429,1489,17400
1/6,526447,6326,9890,41774,38046,5172,3692,4345,109245,10837,18898,50504,35297,13695,34900,5119,7964,7233,184447,14069,10670,54530,111296,190565,4835,9332,9498,23665,10510,3906,2541,1568,18525
2/6,555383,6465,10511,43195,41207,5477,3850,4483,115188,11559,21430,53073,36625,14859,35508,5506,8233,7555,194348,15151,10939,56732,118295,201117,5163,9919,9660,24742,11256,4377,2709,1646,19988
3/6,584016,6679,11107,44347,44774,5713,4143,4698,121461,12407,22451,56056,38174,16018,36463,5828,9149,7989,204535,16121,12010,59240,123483,210854,5494,10398,10034,25926,12020,4570,2848,1802,21240
4/6,614941,7021,11551,46473,48049,6459,4483,4881,128917,13097,23463,59795,40629,17579,37507,6064,9282,8200,215616,16894,13034,60932,129200,220060,5820,11010,10532,27362,12923,4944,3194,1925,22986
5/6,645771,7284,12327,47666,50960,6862,4831,5182,135112,13937,26419,61595,43313,18579,38511,6717,9440,8577,227088,18109,13995,63066,134565,229735,6348,11583,10846,28777,14208,5373,3481,1997,25059
6/6,672846,7525,12773,48785,53176,7700,5238,5505,140702,14818,27396,63575,45470,19787,39361,7105,9449,8972,235933,18950,14939,64533,140549,238971,6605,12037,11285,29927,15850,5669,3662,2132,27313
7/6,691758,7983,13045,49269,54271,8110,5529,5644,143851,15706,28250,64271,47593,20310,40242,7478,9452,9290,242592,19619,15703,67756,143073,246151,6897,12135,11565,30597,16623,5813,3878,2253,28567
8/6,707412,8128,13294,49811,56032,8626,5768,5807,147466,15706,28715,65605,49371,20951,40705,7621,10888,9727,249289,20659,15883,69499,144593,250634,7031,12250,11565,30846,16629,6124,4100,2324,29177
9/6,739503,8457,13771,51234,59148,9220,6056,6052,153938,17193,30481,68384,52069,22452,41010,7927,11027,10126,260669,21964,16102,72979,150138,261183,7314,12802,12192,32308,18090,6521,4339,2455,31405
10/6,772416,8746,14623,52849,62095,9850,6347,6257,160767,18176,32685,71402,53508,24032,41935,8359,11568,10615,272280,23344,17501,74373,156316,271534,7831,13619,12594,34044,19433,7159,4602,2597,33791
11/6,802828,9091,15166,53989,64126,10547,6594,6529,166042,19200,33891,73879,55680,25370,42994,8823,13234,11056,284127,24229,18448,75775,162520,280972,8457,14168,12953,35578,20507,7657,5092,2853,36109
12/6,828810,9295,15683,55111,66328,11224,6712,6744,171097,20031,34665,75705,57605,26556,43872,9337,13501,11534,292806,25257,20106,77784,167900,291047,8705,14384,13165,36254,21396,7846,5363,3001,37606
13/6,850514,9534,16322,56026,68510,11710,6842,6931,175875,20887,35788,76429,58859,27454,44671,9825,13789,12866,300568,25932,20614,78836,172875,298257,9233,14627,13296,37156,21959,7940,5524,3235,38658
14/6,867624,9642,16512,56506,69179,11865,6875,6972,177551,22199,36401,76748,59850,28013,45261,10153,14171,13968,306764,26441,21381,79572,178202,305596,9583,14661,13360,37604,22871,7944,5861,3433,40109
15/6,888271,9771,16813,56777,69224,12180,6881,7137,178783,22962,37620,79462,60592,28668,45507,10357,14214,15675,315057,27581,21728,80946,181460,311715,9716,15438,13960,39114,23684,10182,6185,3551,43602
16/6,923189,10003,18024,58018,71243,13010,6935,7309,184542,23632,39206,81289,62711,30128,46427,10881,15212,16310,325796,28952,22024,83343,190285,324604,10557,16471,14402,41430,25380,11264,6388,3785,46817
17/6,955377,10339,18618,59547,74192,13567,7150,7573,190986,24867,40926,84967,64735,31712,47446,11559,15212,16807,338231,30441,23347,86963,191517,332268,11085,17128,15015,43228,27140,12236,7124,4164,50664
18/6,978142,10664,19387,60736,76623,13804,7421,7774,196409,25633,41577,87273,66091,31760,48626,12099,15889,17338,346286,31671,24906,87317,192628,336522,11919,17822,15573,45314,28521,13304,7512,4274,53611
19/6,1032913,10987,19922,61683,80072,14353,7650,7956,202623,26906,43922,89863,68500,35093,49720,12567,16039,17808,360418,33142,26052,93378,211658,364230,12785,18587,16322,47694,30902,14027,8353,4666,57948
20/6,1067579,11263,21574,62902,82881,14952,8037,8203,209812,27698,45304,92156,69673,36521,51118,13813,19206,18449,373938,34216,27305,95537,215793,372851,13662,19138,17108,49908,32238,14880,8962,4990,61070
21/6,1085038,11381,21840,63410,84654,15181,8120,8354,212940,28657,46279,92866,70059,36784,52113,14264,19290,18985,379297,34858,27641,96133,219185,377817,14501,19348,17582,51431,33227,15619,9470,5237,63553
22/6,1106470,11539,24682,63731,86020,15827,8188,8477,218464,29395,47086,94158,70689,37253,52494,14476,19957,19384,384892,35784,28918,97572,221973,384247,15124,19710,17937,52771,34148,16536,10021,5391,66096
23/6,1145906,11810,26437,65073,88636,16498,10340,8766,227560,30248,49084,97528,72021,38999,52831,15269,20075,19883,395938,36827,29897,100869,229475,397068,15853,20864,19244,55961,35368,17568,10659,5784,69379
24/6,1188631,12022,26919,66764,91708,17424,10803,9098,234738,31230,51931,99578,73314,39912,54022,16227,21774,20353,408341,38481,31343,103493,238822,412139,16963,22009,20921,59893,37254,18622,11443,6201,73520
25/6,1228114,12304,27415,67267,94036,18173,11872,9425,240492,32065,54291,102126,74925,40824,55136,17080,22665,21081,420193,40246,32769,105897,248587,427499,17821,23060,21951,62832,38871,19547,12157,6523,77098
26/6,1274974,12644,27662,68220,96472,19271,12911,9681,246861,32864,56422,104422,76698,42832,55804,18023,23731,21908,432704,41652,38891,108497,258508,447548,18672,24114,22947,65733,41326,20863,13026,6913,82128
27/6,1313667,12913,27901,69022,99313,19271,13078,9966,251464,33521,65244,106628,78115,44242,57089,18665,24253,23319,451076,41652,40966,108803,265581,457002,19819,25000,23808,68627,42766,21620,13805,7307,85498
28/6,1344143,13058,27985,69649,100443,19820,14341,10228,255524,34312,68495,107568,78512,44679,58107,19158,24456,24421,459708,43683,42741,111298,271737,469459,20742,25243,24364,70349,44905,21984,14687,7527,89103
29/6,1368195,13146,28253,69893,101207,20406,14459,10359,257723,35117,69467,108225,78969,45057,58476,19753,29721,24817,469602,45097,43864,111883,275145,475989,21326,25659,25056,72041,47071,23007,15086,7676,92840
30/6,1402041,13253,28492,70823,103206,21251,14641,10764,262430,35962,73307,108699,80451,46957,58858,20422,30287,25411,480354,46893,45001,112611,281380,485885,22877,26941,26354,76172,49218,24381,15636,7965,97200
1/7,1448753,13715,28927,72284,105853,21462,15153,11222,268616,36819,76485,113017,83256,48175,59705,22059,31899,25915,497330,48821,47584,115278,289935,501618,24225,28171,27279,79675,50676,25541,16621,8676,101514
2/7,1496858,14048,29153,73530,108067,21970,17583,11454,275805,37328,79349,115524,86025,49536,61119,23307,32897,26612,511697,50240,50707,116823,302179,519949,26304,29195,28575,84074,52281,26263,17727,9062,105333
3/7,1539081,14112,29574,74537,110411,22241,18323,11736,280934,38404,82314,118041,88214,50765,62362,24376,33421,28186,526083,51689,53351,118956,310702,534698,28166,30371,30261,88798,53996,26330,18854,9388,108568
4/7,1577004,14487,29809,75945,112531,22957,18769,12282,286780,39255,85485,120952,89057,52306,63457,25561,34257,29761,540091,52823,55958,120440,312530,541751,30570,31619,31931,94120,55760,28494,20098,9910,114262
5/7,1603055,14622,29883,76014,113811,23479,18922,12475,289206,39935,87048,121464,89714,52728,65129,26079,34645,30217,546959,53393,58283,121292,320179,553147,31459,31955,32969,96383,57854,28526,20891,10089,117360
6/7,1623284,14688,30004,76424,114535,23921,18948,12640,291160,40569,88279,122477,90251,53151,65642,26511,34984,30718,552582,54547,59626,121879,323070,559122,32769,32401,33822,98992,60383,29296,21496,10253,121428
7/7,1668589,14941,30294,79167,116152,24564,19088,13004,297210,41524,91954,124952,92088,54802,66151,27514,35820,31640,566445,56698,60897,124086,332708,574389,34308,33800,35342,103450,62694,31308,22406,10687,127095
8/7,1713160,15167,30524,80082,118744,25067,19284,13440,302308,42322,95536,128471,92939,56344,67604,28411,36511,32490,580628,58537,64035,126329,341365,590266,35715,35557,36810,108082,64314,32664,23835,11063,131876
9/7,1755779,15465,30763,81318,120731,25402,20154,13845,307678,43191,98319,131000,95323,57614,68767,29745,37060,33416,594435,60009,66864,128324,349715,604912,37424,36434,38408,112266,65677,33876,25264,11671,136488
10/7,1800827,15768,31080,82507,122674,26000,21220,14509,313758,43959,101186,133546,96718,59118,70100,31269,38265,34713,608874,61356,70086,129443,359110,619995,39512,37490,40106,117108,67297,35138,26396,12261,141092
11/7,1839850,16080,31279,83230,124934,26496,21849,14939,318807,44633,104188,135945,98398,60421,71370,32465,38616,36046,622082,62236,73813,129675,366890,632614,40797,38720,42026,121543,68406,35793,27636,12969,144804
12/7,1864681,16190,31364,83526,125714,26728,22225,15132,320879,45330,105763,136785,98952,60784,72470,32963,39421,37631,630099,62799,75851,129684,371997,640331,42537,39240,43031,124808,70712,36244,28411,13197,148564
13/7,1884967,16260,31552,84412,126509,27050,22627,15307,323717,46296,106891,137206,99830,61108,72901,33359,39800,38221,635612,63879,76822,132044,374607,647352,43582,39656,43815,127053,72284,36696,28792,13461,151233
14/7,1926824,16479,31885,85641,128570,27528,22968,15723,328794,47005,110029,139437,101467,62462,73576,34156,40341,39167,647640,65213,78643,132822,386607,663285,45363,40993,46050,132406,73654,37832,29279,13934,154699
15/7,1966748,16672,32408,86944,130834,27917,23681,16031,334487,47864,112993,141248,102469,63939,74960,35445,40654,40139,659711,66352,82010,134449,393176,675987,47124,42239,47976,137339,75379,38895,30319,14631,159224
16/7,2012151,16865,33004,88025,133039,28654,24397,16672,340656,48734,116373,144000,104126,65423,76091,36542,40978,41226,673493,68118,84470,134573,402048,689209,49405,45344,49781,144530,77621,40201,31111,15330,164263
17/7,2046328,16965,33436,88822,135164,29117,25007,16954,345465,49253,118657,145938,105183,66347,77423,37057,41303,41888,683049,69461,87271,135230,407415,699377,51321,46710,51549,149580,79400,40681,32971,15805,168857
18/7,2074860,17202,33585,90534,136947,29117,25373,17209,349967,49583,120238,146544,106092,66971,78509,38568,43451,43072,693028,70131,90875,135230,412027,708263,53553,46847,52531,152931,81163,40795,32707,16006,170671
19/7,2098389,17295,33705,90913,137484,29117,25467,17773,351754,50078,122169,146972,106325,67382,79452,39296,43766,45243,700683,70609,92972,138524,415049,717154,54629,47113,53336,155078,82412,40769,34136,16403,173720
20/7,2118646,17462,34145,91389,138396,29801,25686,17898,354777,50307,123292,147566,106906,67680,80115,39606,43957,46059,705488,71703,94132,141005,416434,723274,55909,47449,54414,157772,84287,40772,35639,16637,177335
21/7,2159654,17700,34405,92164,140388,30642,25985,18354,359638,50951,126844,148986,108154,68844,80441,40276,44267,47110,715873,72601,95566,145121,422669,735957,57538,49840,56475,163853,86076,43794,37077,17386,184333
22/7,2227514,17979,34660,92721,142358,32935,26954,18850,366457,51680,133245,153108,109731,70972,81382,41815,45184,48140,735257,73688,98741,148623,439446,760498,59927,53073,59556,172556,87801,47284,38772,18889,192746
23/7,2287475,18157,34838,94219,144467,34080,27932,19423,373116,52529,138358,156242,111488,73104,83240,43179,46056,49397,753593,74608,102568,151549,452007,780732,62004,54841,62282,179127,90023,50458,40755,19671,200907
24/7,2343366,18393,35026,95424,146252,34873,28874,19965,378807,53713,142767,158824,112683,74550,85042,44349,46683,51132,769743,75854,106812,154879,463218,800763,64259,57007,65017,186283,92414,52847,42206,20303,207770
25/7,2394513,18657,35162,96094,147923,35573,29394,20920,383723,54730,146399,161597,113563,75723,86752,45389,46926,52264,783343,76598,110093,156293,479481,822465,65593,59118,67333,192044,94187,54801,42935,21015,212938
26/7,2419091,18745,35220,96463,148463,35810,29829,21767,386297,55376,148179,162085,113891,76153,88466,46044,47099,52603,789896,77200,112571,156325,483982,830078,67220,59779,68730,195729,96332,55914,43331,21514,217091
27/7,2442375,18783,35364,97079,148823,36148,29902,22106,388205,56204,149109,162429,114585,76693,89132,46584,47291,53612,795639,78037,113718,157834,487654,837243,68001,60044,70138,198183,98480,57985,44838,21802,223105
28/7,2483191,19132,35697,98118,150185,36849,30316,22851,393148,57142,153313,165550,115988,78175,89678,47551,48374,55009,810780,79464,116645,159639,487654,843402,69392,62347,73771,205510,100726,60637,46545,22443,230351
29/7,2552265,19366,35973,99093,151849,37634,30996,23517,398428,58124,157334,169072,117694,79898,91536,48962,49051,56214,827885,80569,119394,161647,514197,875807,70920,64496,77001,212417,102342,63658,48317,23411,237728
30/7,2610102,19573,36272,100140,153350,38407,31455,24278,403475,58979,161630,171468,119262,81108,93373,50198,49667,57684,843369,81885,123415,163642,529006,897948,73488,66473,80904,220865,104442,65269,50447,24287,244445
31/7,2662485,19625,36468,100940,154685,38992,32016,24824,407550,59725,166154,173882,120661,82794,95005,51477,50416,58713,858827,83292,127106,165495,542304,918197,76112,66692,84073,226877,106292,67941,51865,24936,251034
1/8,2707877,19930,36595,101777,156053,39504,32723,25346,411928,60992,168926,175928,121581,83461,96746,52458,51557,59724,871373,83814,129985,167213,552318,933330,77930,70456,86922,235308,107922,69487,52790,25739,255938
2/8,2733677,19966,36639,102124,156285,39893,33151,26434,414492,62240,170476,176580,121953,84008,97970,52993,51845,60035,878100,84238,132801,167225,558685,942949,79605,71040,87982,238627,110028,70115,53363,26003,259509
3/8,2750318,20339,36804,102386,156505,40016,33188,26998,416236,62778,171391,176961,122482,84211,98401,53224,52030,60479,881957,85215,133743,168064,560218,947240,80865,71479,88889,241233,112044,70252,54711,26645,263652
4/8,2801921,20708,36999,103269,158277,41239,33194,27664,421350,63351,175389,179341,123887,85760,98833,54443,52566,61069,894639,86209,135728,168911,575589,966437,82718,73618,92157,248493,113924,73231,56169,27678,271002
5/8,2859073,21033,37318,104250,160695,42020,34296,28312,427924,64194,179737,181443,125459,87071,100321,55919,53490,61986,909620,87242,139661,172679,585265,984847,85317,76563,95410,257290,115966,76605,58506,28315,279392
6/8,2912212,21263,37735,105054,162822,42725,34929,29539,434067,65093,183690,183301,127065,87867,101395,57100,54106,62844,922461,88543,142828,174064,598670,1004105,87269,78837,98634,264740,118000,79897,59841,29101,286839
7/8,2962442,21376,37964,105857,164759,43390,35540,30358,439244,65916,187892,185409,128846,89117,102872,58390,54717,63728,936887,89923,147323,175696,608379,1021321,88899,79026,101582,269507,119903,82807,62785,29988,295483
8/8,3012412,21498,38139,106428,167099,43866,35933,31103,444066,66748,191401,188244,129700,89893,104113,59571,55150,64271,949091,91146,150723,178524,621731,1042124,88899,83595,104749,277243,121824,84531,62826,30707,299888
9/8,3035422,21587,38208,106950,167642,44010,36387,31663,446447,67613,193029,188542,130136,90082,105134,59982,55290,64693,954501,91791,153927,178850,627126,1051694,89966,83991,105935,279892,123057,85071,63416,31344,302888
10/8,3057470,21619,38399,107197,168151,44372,36449,32289,448476,68237,194097,188657,130566,90366,105381,60178,55420,64974,957876,93069,155075,180016,628415,1056575,94124,84034,106928,285086,126069,86451,65198,31739,309457
11/8,3109630,21757,38636,108105,169613,45468,37006,33047,453632,68935,198767,190550,132060,91819,105982,61144,57921,65455,972633,94476,156551,182563,639562,1073152,95943,87415,109522,292880,127484,90226,67061,32562,317333
12/8,3164785,21993,38801,108920,171878,46061,37579,33766,458998,69751,203020,192422,133265,92897,107375,62465,56572,65865,983632,95753,160485,185610,655181,1097029,97785,90049,112401,300235,129184,93274,68924,33509,324891
13/8,3224876,22242,39015,109802,173625,46676,38270,34409,464039,70629,206955,194081,134193,93794,108842,63662,57072,66810,996038,96949,164915,188085,674455,1124404,99667,92560,115032,307259,131170,96749,70658,34559,333136
14/8,3275520,22435,39244,110777,175608,47288,38897,35403,469652,71232,210993,196144,135324,94660,110409,64595,57467,67225,1008049,98106,168428,189891,686122,1142547,101844,95142,118183,315169,133166,99234,72269,35434,340103
15/8,3317096,22516,39431,111241,177010,47652,39397,36478,473725,72076,214379,197381,136280,95588,111773,65638,57660,67701,1018476,98765,171514,190614,697530,1158423,103771,97445,120001,321217,135014,100938,72761,36542,345255
16/8,3340197,22548,39518,111912,177969,47837,39623,36989,476396,72734,216030,197619,136853,96033,112958,66078,57720,67997,1024022,99580,174402,194279,699493,1167754,105104,97877,120880,323861,136467,101592,73269,36836,348164
17/8,3359570,22605,39703,112263,178375,48232,39665,37856,478699,72938,217115,198202,137408,96223,113183,66315,57898,68313,1027595,100859,175715,194651,702665,1173890,106379,98007,121666,326052,138735,102665,74509,37425,353334
18/8,3407354,22933,39957,112881,180090,48923,40183,38845,483812,73701,221041,199258,139185,97497,113788,67226,58307,68699,1038702,101874,177787,199480,711530,1190671,108237,101217,124313,333767,140170,105962,75877,38393,360402
19/8,3456652,23146,40211,113592,182231,49721,40501,39832,489234,74140,224659,201201,140571,98494,115217,68475,58667,69067,1050491,103090,181158,202993,721377,1208618,109896,103891,126850,340637,141762,109253,77276,39381,367672
20/8,7003950,46644,81206,228670,368506,100294,81978,81572,988870,149244,457192,404844,283720,198890,232718,139678,118276,139004,2123566,208074,370124,411832,1461656,2451686,224490,208136,258144,690770,287518,223672,157466,80402,749058
21/8,3532330,23337,40875,114792,186646,50514,41191,41848,499203,74839,229743,202999,143103,100290,117431,70536,59191,69845,1067977,104911,188623,207036,735960,1236530,114588,104335,130349,349272,145452,113051,80134,40711,379348
22/8,3582362,23665,41031,115369,188644,50995,41527,42839,504070,75470,234204,204587,143873,100970,118027,71510,59393,70252,1078286,105613,191507,210464,749244,1256828,116848,108839,132008,357695,147127,115530,80938,41888,385483
23/8,3605783,23719,41120,115615,189289,51421,41730,43596,506490,75857,236050,205441,144400,101132,119140,71899,59582,70472,1083973,105892,194614,210948,754129,1265583,117959,109873,132492,360324,148998,116664,81253,42498,389413
24/8,3622861,23729,41254,115792,189582,51791,41770,44273,508191,76495,237208,205564,144895,101303,119357,72165,59649,70606,1087242,106493,195920,211360,756480,1270253,119004,109953,133533,362490,150519,118569,82532,43065,394685
25/8,3669995,23936,41553,116579,191609,52514,42044,45400,513635,76894,240939,207386,145921,102208,119958,72956,60161,70926,1097349,107191,198736,214003,765670,1285600,120537,112763,135690,368990,153690,122130,84277,44324,404421
26/8,3717156,24119,41981,117412,193564,53119,42359,46364,518918,77317,245021,208782,147676,103213,121078,74096,60442,71222,1108847,107909,201973,216675,776135,1302692,122241,115984,137560,375785,155253,124593,85709,45359,410914
27/8,3761391,24269,42285,118083,195297,53805,42690,47558,523987,77755,247853,210727,148923,104096,122147,75160,60893,71599,1119153,108662,205942,219198,784453,1318255,124074,118315,139638,382027,156863,127361,87484,46261,417969
28/8,3804803,24462,42625,118844,196874,54205,42997,48580,528587,78174,250977,212484,150144,104803,123146,76033,61219,72039,1129019,109493,209465,219198,796209,1334365,126964,120739,141692,389395,158180,128965,89140,47152,423437
29/8,3846153,24601,42771,119859,198246,54496,43299,49651,532923,78483,254790,214094,150895,105531,124151,76916,61507,72280,1138647,110025,212565,222957,801422,1346969,128967,124416,146404,399787,159526,130316,89962,48023,427827
30/8,3862311,24638,42892,120060,199171,54679,43470,50373,535283,78637,256062,214457,151212,105661,125094,77265,61649,72417,1142454,110351,215050,223302,803404,1352107,130603,124482,146864,401949,160796,130863,90337,48522,430518
31/8,3908272,24647,43193,120296,199556,55153,43518,50694,537057,78804,256727,214953,151615,105778,125539,77405,61748,72528,1145097,111261,216557,223631,804342,1355791,131906,125813,177777,435496,162042,132506,91346,48937,434831
1/9,3950931,24840,43514,120919,200985,55768,43707,51629,541362,79258,259418,216333,152681,106605,127287,77859,61991,72721,1154153,111979,218781,226800,814375,1371935,133574,127799,180474,441847,163498,135460,92856,49820,441634
2/9,3997865,25027,43800,121793,202436,56411,44036,52124,545627,79550,262299,218396,154468,107384,128724,78922,62432,72931,1165106,112825,222048,228332,826331,1389536,135609,131461,182522,449592,164649,138408,94302,50645,448004
3/9,4041638,25135,44064,122520,203969,56618,44334,52938,549578,79797,265739,219672,155717,108182,130199,79719,62855,73182,1175062,113759,224987,230271,837978,1406995,137865,134610,184204,456679,165903,140416,95430,51575,453324
4/9,4091801,25249,44454,123187,205291,57352,44665,54013,554211,80103,268137,230105,157052,108925,130199,80750,63289,73383,1191943,114700,228013,232489,845016,1420218,139780,137217,186596,463593,167200,145250,96980,52406,461836
5/9,4123000,25408,44682,123726,206864,57865,44975,55075,558595,80462,270177,222179,157844,109530,131961,81626,63693,73631,1191103,115172,231878,232747,853085,1432882,141648,143485,188361,473494,168605,147357,97636,53328,466926
6/9,4137521,25443,44770,123811,207638,58066,45137,55513,560378,80717,271225,222372,158050,109673,132152,82006,63801,73740,1193736,115505,234804,232818,855722,1438849,143074,143914,189028,476016,169617,147615,97819,53491,468542
7/9,4147794,25469,44863,123905,208259,58237,45253,55906,561892,80786,271963,222445,158310,109706,132420,82282,63810,73846,1195568,115793,236012,233052,857330,1442187,143853,143952,189477,477282,170806,147728,98206,54125,470865